SONY,,,,,,,
Date,Open,High,Low,Close,Adj Close,Volume,Days
2018-02-21,50.049999,50.540001,49.490002,49.5,49.5,918200,1
2018-02-22,50,50.25,49.669998,49.849998,49.849998,885700,2
2018-02-23,50.16,50.27,49.619999,50.23,50.23,1437700,3
2018-02-26,50.689999,50.990002,50.529999,50.919998,50.919998,877900,4
2018-02-27,50.799999,50.919998,50.220001,50.27,50.27,859400,5
2018-02-28,50.830002,51,50.439999,50.459999,50.459999,863500,6
2018-03-01,49.799999,49.939999,48.32,48.720001,48.720001,1187500,7
2018-03-02,48.66,49.73,48.439999,49.68,49.68,843200,8
2018-03-05,49.349998,50.720001,49.349998,50.529999,50.529999,1108300,9
2018-03-06,50.169998,50.490002,50.049999,50.16,50.16,1084200,10
2018-03-07,50.299999,51.09,50.25,50.889999,50.889999,1230900,11
2018-03-08,51.169998,51.400002,51.040001,51.279999,51.279999,801500,12
2018-03-09,51.169998,51.439999,50.860001,51.400002,51.400002,1289100,13
2018-03-12,50.02,50.389999,49.919998,50.009998,50.009998,1385300,14
2018-03-13,50.34,50.610001,49.950001,50.07,50.07,1257800,15
2018-03-14,50.959999,51.139999,50.73,50.950001,50.950001,927500,16
2018-03-15,51.310001,51.59,51.119999,51.34,51.34,536900,17
2018-03-16,50.75,50.779999,50.349998,50.639999,50.639999,964000,18
2018-03-19,48.639999,48.669998,47.709999,48.34,48.34,1839100,19
2018-03-20,48.48,48.889999,48.389999,48.830002,48.830002,947900,20
2018-03-21,48.759998,49.189999,48.630001,48.689999,48.689999,623900,21
2018-03-22,48.560001,48.869999,48,48.130001,48.130001,1581600,22
2018-03-23,48.810001,48.889999,47.849998,47.889999,47.889999,915800,23
2018-03-26,48.48,48.68,47.93,48.669998,48.669998,931400,24
2018-03-27,49.200001,49.23,47.549999,47.869999,47.869999,1473100,25
2018-03-28,48.630001,48.93,47.860001,48.080002,48.080002,2809900,26
2018-03-29,48.200001,48.59,47.669998,48.34,48.34,2136900,27
2018-04-02,48.419998,48.549999,47.709999,47.990002,47.990002,2178400,28
2018-04-03,48.5,48.93,48.080002,48.84,48.84,1907000,29
2018-04-04,47.860001,49.029999,47.759998,48.970001,48.970001,907200,30
2018-04-05,49.049999,49.310001,48.919998,49.150002,49.150002,882500,31
2018-04-06,48.77,49.099998,48.23,48.439999,48.439999,892600,32
2018-04-09,48.919998,49.119999,48.57,48.57,48.57,611100,33
2018-04-10,49.73,49.869999,49.439999,49.75,49.75,1050300,34
2018-04-11,49.380001,49.810001,49.110001,49.349998,49.349998,549800,35
2018-04-12,48.959999,49.290001,48.799999,49.139999,49.139999,779100,36
2018-04-13,49.119999,49.139999,48.610001,48.889999,48.889999,699900,37
2018-04-16,49.459999,49.59,49.130001,49.349998,49.349998,682000,38
2018-04-17,49.77,50,49.549999,49.77,49.77,1026200,39
2018-04-18,50.299999,50.610001,50.259998,50.459999,50.459999,1970000,40
2018-04-19,49.880001,49.900002,49.259998,49.73,49.73,1921200,41
2018-04-20,50,50,49.540001,49.759998,49.759998,1341700,42
2018-04-23,49.77,49.77,49.330002,49.41,49.41,929700,43
2018-04-24,49.98,50,49.130001,49.389999,49.389999,1256900,44
2018-04-25,49.630001,49.700001,49.220001,49.580002,49.580002,802200,45
2018-04-26,49.990002,50.470001,49.799999,50.18,50.18,1127400,46
2018-04-27,47.34,47.349998,44.529999,45.5,45.5,6676300,47
2018-04-30,45.740002,46.049999,45.459999,45.830002,45.830002,1113200,48
2018-05-01,46,46.389999,45.630001,46.349998,46.349998,1987800,49
2018-05-02,46.459999,46.779999,46.27,46.66,46.66,1370900,50
2018-05-03,46.700001,47.189999,46.470001,47.099998,47.099998,1467900,51
2018-05-04,46.759998,47.669998,46.650002,47.57,47.57,1041300,52
2018-05-07,47.419998,47.720001,47.200001,47.439999,47.439999,1213800,53
2018-05-08,47.400002,47.5,47.220001,47.389999,47.389999,918500,54
2018-05-09,47.220001,47.66,47.080002,47.310001,47.310001,1107200,55
2018-05-10,46.599998,47,46.529999,46.880001,46.880001,838000,56
2018-05-11,47.220001,48.209999,47.200001,48.080002,48.080002,1648100,57
2018-05-14,48.200001,48.43,48.029999,48.34,48.34,842300,58
2018-05-15,48.200001,48.43,47.200001,47.509998,47.509998,908100,59
2018-05-16,47.830002,47.970001,47.610001,47.82,47.82,626500,60
2018-05-17,48.779999,48.98,48.540001,48.799999,48.799999,1145100,61
2018-05-18,48.580002,48.740002,48.25,48.599998,48.599998,655100,62
2018-05-21,48.650002,48.68,48.290001,48.389999,48.389999,624100,63
2018-05-22,47.889999,47.889999,47.02,47.060001,47.060001,1047300,64
2018-05-23,46.459999,46.470001,46,46.470001,46.470001,1070100,65
2018-05-24,46.650002,46.650002,46.110001,46.459999,46.459999,806100,66
2018-05-25,46.27,46.639999,46.25,46.400002,46.400002,762100,67
2018-05-29,46.880001,46.950001,46.32,46.599998,46.599998,1129500,68
2018-05-30,47.060001,47.290001,47.02,47.209999,47.209999,747100,69
2018-05-31,47.25,47.299999,46.860001,47.09,47.09,708900,70
2018-06-01,47.349998,47.779999,47.349998,47.669998,47.669998,439500,71
2018-06-04,48.360001,49.150002,48.310001,49.080002,49.080002,1359100,72
2018-06-05,49.18,49.389999,48.919998,49.310001,49.310001,994400,73
2018-06-06,50.02,50.259998,49.919998,50.18,50.18,2584000,74
2018-06-07,50.040001,50.139999,49.709999,49.880001,49.880001,688800,75
2018-06-08,49.650002,50,49.419998,49.959999,49.959999,582500,76
2018-06-11,50.240002,50.669998,50.189999,50.5,50.5,597000,77
2018-06-12,49.759998,50.150002,49.68,49.849998,49.849998,528900,78
2018-06-13,49.82,50.169998,49.529999,49.82,49.82,835300,79
2018-06-14,49.400002,49.439999,49.119999,49.130001,49.130001,731300,80
2018-06-15,48.959999,49.25,48.959999,49.119999,49.119999,520000,81
2018-06-18,48.5,48.5,48.02,48.369999,48.369999,777900,82
2018-06-19,48.009998,48.259998,47.540001,48.240002,48.240002,712100,83
2018-06-20,48.98,49.900002,48.77,49.560001,49.560001,1281000,84
2018-06-21,49.599998,49.669998,48.889999,49.220001,49.220001,761300,85
2018-06-22,49.900002,50.68,49.799999,50.369999,50.369999,1174800,86
2018-06-25,49.970001,50,49.220001,49.529999,49.529999,646500,87
2018-06-26,49.959999,50.32,49.700001,50,50,637900,88
2018-06-27,50.560001,51.450001,50.290001,50.290001,50.290001,1298400,89
2018-06-28,51.43,51.84,51.200001,51.700001,51.700001,1284500,90
2018-06-29,51.369999,51.610001,51.200001,51.259998,51.259998,1047500,91
2018-07-02,50.400002,50.959999,50.279999,50.939999,50.939999,480000,92
2018-07-03,51,51.360001,50.919998,50.970001,50.970001,581100,93
2018-07-05,48.709999,49.349998,48.509998,49.060001,49.060001,1709800,94
2018-07-06,49.25,49.59,49.18,49.580002,49.580002,447600,95
2018-07-09,51.419998,51.639999,51.080002,51.610001,51.610001,852300,96
2018-07-10,51.279999,51.77,51.27,51.68,51.68,489600,97
2018-07-11,51.669998,52.25,51.630001,51.959999,51.959999,1036100,98
2018-07-12,52.029999,52.400002,51.990002,52.209999,52.209999,1011400,99
2018-07-13,53.049999,53.490002,52.959999,53.310001,53.310001,867800,100
2018-07-16,53.349998,53.490002,53.200001,53.27,53.27,446900,101
2018-07-17,53.279999,54.029999,53.259998,53.630001,53.630001,804100,102
2018-07-18,53.18,53.18,52.759998,53.07,53.07,630300,103
2018-07-19,52.73,52.880001,52.5,52.630001,52.630001,590400,104
2018-07-20,52.790001,53.380001,52.650002,52.950001,52.950001,944200,105
2018-07-23,53.049999,53.400002,53.02,53.150002,53.150002,458500,106
2018-07-24,52.790001,53.09,52.450001,52.669998,52.669998,918800,107
2018-07-25,53.290001,53.740002,53.110001,53.66,53.66,682100,108
2018-07-26,53.580002,53.82,53.490002,53.66,53.66,506500,109
2018-07-27,53.720001,53.84,53.290001,53.400002,53.400002,653200,110
2018-07-30,53.23,53.23,52.18,52.34,52.34,1068400,111
2018-07-31,54.619999,55.5,53.509998,54.02,54.02,1683100,112
2018-08-01,54.830002,55.119999,54.650002,55,55,1252400,113
2018-08-02,54.540001,55.5,54.509998,55.279999,55.279999,1052300,114
2018-08-03,54.919998,55.209999,54.740002,54.959999,54.959999,923000,115
2018-08-06,54.77,54.799999,54.240002,54.459999,54.459999,611500,116
2018-08-07,55.299999,55.82,55.169998,55.549999,55.549999,886100,117
2018-08-08,54.939999,55.009998,54.66,54.790001,54.790001,775700,118
2018-08-09,55.43,55.580002,55.150002,55.389999,55.389999,614900,119
2018-08-10,54.450001,54.810001,54.439999,54.650002,54.650002,1220400,120
2018-08-13,54.040001,54.580002,53.970001,54.169998,54.169998,1009400,121
2018-08-14,54.360001,54.360001,54.049999,54.279999,54.279999,737100,122
2018-08-15,53.720001,53.849998,53.080002,53.709999,53.709999,1161900,123
2018-08-16,53.860001,54.189999,53.740002,53.84,53.84,1480400,124
2018-08-17,54.130001,54.98,54.009998,54.869999,54.869999,1273100,125
2018-08-20,54.560001,54.810001,54.279999,54.59,54.59,570400,126
2018-08-21,54.5,54.77,54.349998,54.419998,54.419998,463600,127
2018-08-22,54.330002,54.709999,54.290001,54.619999,54.619999,637500,128
2018-08-23,54.23,54.619999,54.130001,54.41,54.41,1752100,129
2018-08-24,54.639999,54.779999,54.419998,54.540001,54.540001,699500,130
2018-08-27,55.48,56.220001,55.419998,56.02,56.02,905200,131
2018-08-28,55.869999,56.07,55.110001,55.77,55.77,1561300,132
2018-08-29,56.450001,57.200001,56.25,57.07,57.07,1093200,133
2018-08-30,56.779999,57.029999,56.41,56.68,56.68,712600,134
2018-08-31,56.849998,57.220001,56.630001,56.830002,56.830002,493100,135
2018-09-04,56.400002,56.43,55.689999,56.18,56.18,599600,136
2018-09-05,56,56.009998,55.189999,55.5,55.5,743300,137
2018-09-06,56.57,56.599998,55.959999,56.360001,56.360001,1148600,138
2018-09-07,56.119999,56.740002,56,56.529999,56.529999,873100,139
2018-09-10,56.82,56.880001,56.560001,56.68,56.68,1071600,140
2018-09-11,56.48,56.880001,56.48,56.849998,56.849998,661400,141
2018-09-12,56.990002,57.509998,56.869999,57.470001,57.470001,608200,142
2018-09-13,57.720001,58.099998,57.619999,57.759998,57.759998,625500,143
2018-09-14,59.380001,59.509998,59.130001,59.439999,59.439999,1254200,144
2018-09-17,59.689999,59.900002,59.240002,59.290001,59.290001,738400,145
2018-09-18,59.650002,59.939999,59.490002,59.830002,59.830002,1143900,146
2018-09-19,59.619999,59.740002,58.91,59,59,1105900,147
2018-09-20,58.950001,59.150002,58.779999,59.099998,59.099998,678300,148
2018-09-21,57.400002,58.040001,56.639999,57,57,3685600,149
2018-09-24,56.939999,57.119999,56.650002,56.849998,56.849998,1276700,150
2018-09-25,58.700001,58.799999,58.32,58.529999,58.529999,1154700,151
2018-09-26,59.709999,59.799999,59.310001,59.450001,59.450001,1068800,152
2018-09-27,59.389999,59.799999,59.189999,59.529999,59.529999,608600,153
2018-09-28,61,61,60.470001,60.650002,60.650002,1584600,154
2018-10-01,60.810001,61.02,60.529999,60.580002,60.580002,632300,155
2018-10-02,60.099998,60.169998,59.709999,59.82,59.82,727200,156
2018-10-03,58.650002,58.669998,58.259998,58.32,58.32,979300,157
2018-10-04,58.150002,58.169998,56.700001,57.07,57.07,1836000,158
2018-10-05,57.75,57.91,56.790001,57.23,57.23,775400,159
2018-10-08,56.900002,57.330002,56.450001,57.07,57.07,937700,160
2018-10-09,57.810001,58.23,57.779999,57.970001,57.970001,1069700,161
2018-10-10,57.860001,57.889999,56.040001,56.099998,56.099998,1611400,162
2018-10-11,55.990002,56.619999,55.200001,55.52,55.52,1296800,163
2018-10-12,55.740002,56.169998,54.889999,55.509998,55.509998,1411800,164
2018-10-15,55.560001,56.630001,55.419998,56.25,56.25,1403300,165
2018-10-16,56.900002,57.529999,56.790001,57.5,57.5,1339500,166
2018-10-17,57.889999,58.119999,57.41,57.900002,57.900002,1160300,167
2018-10-18,57.200001,57.200001,55.610001,56.029999,56.029999,1755400,168
2018-10-19,56.48,56.669998,55.650002,55.669998,55.669998,769200,169
2018-10-22,56,56.139999,55.470001,55.779999,55.779999,503000,170
2018-10-23,54.5,55.25,53.349998,55.07,55.07,1461800,171
2018-10-24,55,55.009998,53.07,53.080002,53.080002,1589900,172
2018-10-25,52.990002,53.869999,52.639999,53.48,53.48,1818600,173
2018-10-26,52.029999,52.75,51.740002,52.41,52.41,2727300,174
2018-10-29,52.66,52.970001,50.310001,51,51,2568700,175
2018-10-30,54,54.889999,53,53.43,53.43,2709200,176
2018-10-31,54.279999,54.48,53.700001,54.130001,54.130001,1766900,177
2018-11-01,55.490002,55.689999,54.900002,55.66,55.66,1538300,178
2018-11-02,54.709999,54.91,53.279999,53.66,53.66,1563400,179
2018-11-05,53.740002,53.740002,53.169998,53.32,53.32,958900,180
2018-11-06,53.619999,53.869999,53.23,53.5,53.5,711000,181
2018-11-07,54.490002,55.470001,54.259998,55.259998,55.259998,1616100,182
2018-11-08,54.939999,55.009998,54.07,54.41,54.41,1076600,183
2018-11-09,54.18,54.34,53.759998,54.07,54.07,957800,184
2018-11-12,52.689999,52.720001,51.450001,51.529999,51.529999,1650000,185
2018-11-13,51.459999,51.919998,51.09,51.240002,51.240002,949800,186
2018-11-14,51.59,51.66,50.720001,51.139999,51.139999,871900,187
2018-11-15,50.700001,51.779999,50.599998,51.650002,51.650002,712800,188
2018-11-16,50.09,50.98,50.040001,50.810001,50.810001,834900,189
2018-11-19,51.880001,52.07,50.919998,50.990002,50.990002,1579800,190
2018-11-20,49.709999,50.110001,49.32,49.529999,49.529999,1412800,191
2018-11-21,50.540001,50.919998,50.360001,50.52,50.52,783100,192
2018-11-23,49.860001,50.299999,49.66,49.689999,49.689999,362600,193
2018-11-26,50.540001,51.130001,50.43,51.02,51.02,1280400,194
2018-11-27,51.130001,51.619999,50.880001,51.369999,51.369999,957000,195
2018-11-28,51.82,52.919998,51.450001,52.91,52.91,1042000,196
2018-11-29,52.110001,52.25,51.610001,51.880001,51.880001,1100000,197
2018-11-30,52.869999,53.290001,52.580002,52.82,52.82,809500,198
2018-12-03,54.080002,54.34,53.869999,54.169998,54.169998,1082700,199
2018-12-04,53.09,53.209999,51.439999,51.509998,51.509998,1113200,200
2018-12-06,50.66,51.919998,50.630001,51.860001,51.860001,783400,201
2018-12-07,52,52.32,51.009998,51.130001,51.130001,635000,202
2018-12-10,50.650002,51.279999,50.16,51.110001,51.110001,1024000,203
2018-12-11,51.630001,51.799999,50.900002,51.150002,51.150002,1814300,204
2018-12-12,52.560001,53.310001,52.43,52.619999,52.619999,926800,205
2018-12-13,52.59,52.799999,52.029999,52.200001,52.200001,620200,206
2018-12-14,51.610001,51.91,51.150002,51.290001,51.290001,750600,207
2018-12-17,51.189999,51.279999,50.259998,50.5,50.5,711500,208
2018-12-18,50.02,50.209999,49.240002,49.389999,49.389999,1163900,209
2018-12-19,49.389999,49.98,48.34,48.759998,48.759998,1428100,210
2018-12-20,48.599998,49.200001,47.720001,48.27,48.27,1314600,211
2018-12-21,47.380001,47.91,46.689999,46.73,46.73,1240600,212
2018-12-24,46.07,46.57,45.639999,45.880001,45.880001,807600,213
2018-12-26,46.779999,47.669998,45.849998,47.619999,47.619999,1151700,214
2018-12-27,47.599998,48.529999,47.060001,48.529999,48.529999,806000,215
2018-12-28,48.610001,48.709999,47.849998,48.139999,48.139999,607800,216
2018-12-31,48.73,48.810001,47.919998,48.279999,48.279999,858700,217
2019-01-02,47.57,48.98,47.400002,48.720001,48.720001,779800,218
2019-01-03,48.23,48.279999,46.889999,47.02,47.02,1618500,219
2019-01-04,48.119999,49.549999,48.02,49.209999,49.209999,1185000,220
2019-01-07,49.459999,50.310001,49.43,49.720001,49.720001,674000,221
2019-01-08,50.150002,50.259998,49.41,49.889999,49.889999,1033000,222
2019-01-09,49.810001,50.130001,49.32,49.93,49.93,658900,223
2019-01-10,48.68,49.119999,48.5,49.099998,49.099998,1067000,224
2019-01-11,48.880001,49.080002,48.77,48.98,48.98,591000,225
2019-01-14,48.700001,48.740002,48.299999,48.419998,48.419998,735900,226
2019-01-15,49.639999,50.130001,49.599998,49.84,49.84,985800,227
2019-01-16,49.580002,49.919998,49.48,49.610001,49.610001,880800,228
2019-01-17,49.029999,49.759998,48.860001,49.509998,49.509998,708700,229
2019-01-18,50.110001,50.360001,49.790001,50.18,50.18,889400,230
2019-01-22,49.040001,49.150002,48.18,48.470001,48.470001,901800,231
2019-01-23,49.02,49.119999,48.09,48.459999,48.459999,803200,232
2019-01-24,48.139999,48.41,47.98,48.369999,48.369999,886900,233
2019-01-25,48.93,49.009998,48.66,48.759998,48.759998,782200,234
2019-01-28,48.52,48.93,48.200001,48.830002,48.830002,743800,235
2019-01-29,49.040001,49.110001,48.630001,48.779999,48.779999,674200,236
2019-01-30,48.779999,49.259998,48.310001,49.200001,49.200001,922100,237
2019-01-31,50.040001,50.540001,49.689999,50.119999,50.119999,1583600,238
2019-02-01,50,50.040001,45.119999,46.150002,46.150002,6962800,239
2019-02-04,45.889999,46.419998,45.810001,46.290001,46.290001,1977200,240
2019-02-05,46.200001,46.220001,45.759998,45.860001,45.860001,1609500,241
2019-02-06,44.490002,44.669998,43.98,44.220001,44.220001,2822500,242
2019-02-07,42.93,43.150002,42.43,43.060001,43.060001,3049100,243
2019-02-08,44.400002,44.5,43.669998,44.290001,44.290001,2078500,244
2019-02-11,44.509998,44.709999,44.200001,44.59,44.59,2044900,245
2019-02-12,44.029999,44.490002,44.029999,44.279999,44.279999,1154100,246
2019-02-13,44.529999,45.34,44.48,45.060001,45.060001,1470200,247
2019-02-14,45,45.41,44.939999,45.119999,45.119999,730100,248
2019-02-15,45.549999,46.049999,45.52,45.790001,45.790001,1445400,249
2019-02-19,46.220001,46.490002,46.119999,46.220001,46.220001,1662900,250
2019-02-20,47.450001,47.5,46.650002,46.880001,46.880001,2226800,251
2019-02-21,47.849998,48.049999,47.439999,47.639999,47.639999,2215000,252
2019-02-22,47.900002,48.150002,47.779999,47.889999,47.889999,1189600,253
2019-02-25,48.549999,48.740002,48.389999,48.459999,48.459999,996800,254
2019-02-26,48.169998,48.360001,47.98,48.189999,48.189999,1305700,255
2019-02-27,48.360001,48.48,48.139999,48.43,48.43,866400,256
2019-02-28,48.209999,48.240002,47.919998,47.990002,47.990002,800900,257
2019-03-01,47.82,48.060001,47.689999,47.889999,47.889999,969000,258
2019-03-04,47.779999,47.869999,47.23,47.619999,47.619999,1230900,259
2019-03-05,47.75,47.900002,47.529999,47.66,47.66,638300,260
2019-03-06,47.68,47.810001,47.52,47.529999,47.529999,685400,261
2019-03-07,47,47,46.139999,46.400002,46.400002,1360200,262
2019-03-08,45.279999,46,45.189999,45.950001,45.950001,1074100,263
2019-03-11,45.299999,46.18,45.16,46.099998,46.099998,1555600,264
2019-03-12,46.220001,46.650002,46.16,46.310001,46.310001,1290200,265
2019-03-13,46.57,46.84,46.459999,46.66,46.66,920600,266
2019-03-14,46.23,46.240002,45.950001,46.119999,46.119999,778100,267
2019-03-15,46.209999,46.529999,46.049999,46.25,46.25,848000,268
2019-03-18,46.25,46.279999,45.98,46.080002,46.080002,632800,269
2019-03-19,46.200001,46.330002,45.490002,45.529999,45.529999,2231600,270
2019-03-20,44.040001,44.110001,43.009998,43.279999,43.279999,3729000,271
2019-03-21,43.09,44.119999,43.049999,44.009998,44.009998,1392400,272
2019-03-22,42.73,42.73,42.02,42.029999,42.029999,1579100,273
2019-03-25,42.099998,42.48,41.91,42.150002,42.150002,954900,274
2019-03-26,42.75,43.27,42.48,42.73,42.73,1317800,275
2019-03-27,42.869999,43.060001,42.57,42.790001,42.790001,1696300,276
2019-03-28,42.689999,42.720001,42.16,42.400002,42.400002,978300,277
2019-03-29,42.299999,42.360001,41.98,42.240002,42.240002,908700,278
2019-04-01,42.68,43.02,42.630001,42.98,42.98,1000600,279
2019-04-02,42.310001,42.529999,42.060001,42.169998,42.169998,1325800,280
2019-04-03,42.560001,42.650002,42.349998,42.389999,42.389999,1010500,281
2019-04-04,42.049999,42.639999,42.029999,42.52,42.52,2378400,282
2019-04-05,43.25,43.290001,43.02,43.07,43.07,1212200,283
2019-04-08,43,46.919998,42.959999,46.599998,46.599998,8331100,284
2019-04-09,46.630001,46.799999,45.810001,46.189999,46.189999,4273300,285
2019-04-10,45.860001,46.23,45.860001,46.080002,46.080002,1032100,286
2019-04-11,46.07,46.419998,45.990002,46.25,46.25,1157600,287
2019-04-12,46.860001,47.150002,46.75,46.990002,46.990002,984800,288
2019-04-15,47.029999,47.66,46.93,47.310001,47.310001,1704600,289
2019-04-16,47.889999,48.130001,47.720001,47.950001,47.950001,1066300,290
2019-04-17,48.119999,48.279999,47.57,47.740002,47.740002,2349500,291
2019-04-18,47.779999,48.029999,47.57,47.860001,47.860001,1076300,292
2019-04-22,47.610001,47.66,47.27,47.610001,47.610001,1343600,293
2019-04-23,47.720001,48.41,47.619999,48.299999,48.299999,2081300,294
2019-04-24,46.560001,46.740002,46.389999,46.459999,46.459999,2118900,295
2019-04-25,46.830002,46.880001,46.43,46.66,46.66,1768900,296
2019-04-26,48.349998,50.919998,48.200001,50.240002,50.240002,3853300,297
2019-04-29,49.990002,50.5,49.709999,50.25,50.25,1198100,298
2019-04-30,50.130001,50.549999,50.029999,50.369999,50.369999,1487200,299
2019-05-01,50.389999,51.869999,50.389999,51.360001,51.360001,2185000,300
2019-05-02,51.27,51.759998,51.049999,51.459999,51.459999,1349800,301
2019-05-03,51.630001,52.470001,51.5,52.25,52.25,2705000,302
2019-05-06,51.150002,51.5,50.599998,51.220001,51.220001,2228300,303
2019-05-07,49.009998,49.25,48.610001,48.889999,48.889999,3310700,304
2019-05-08,48.650002,49.080002,48.400002,48.75,48.75,1220400,305
2019-05-09,48.119999,49.110001,48.099998,48.75,48.75,1903300,306
2019-05-10,48.990002,49.860001,48.400002,49.700001,49.700001,2148000,307
2019-05-13,48.5,48.66,47.869999,48.029999,48.029999,1475700,308
2019-05-14,48.150002,48.540001,48.049999,48.439999,48.439999,1146100,309
2019-05-15,49.48,50.080002,49.029999,49.939999,49.939999,2177900,310
2019-05-16,50.919998,52.330002,50.25,52,52,5301500,311
2019-05-17,53.220001,53.610001,52.380001,52.610001,52.610001,3318300,312
2019-05-20,52.540001,52.880001,52.009998,52.200001,52.200001,2019900,313
2019-05-21,51.23,51.23,50.560001,51.029999,51.029999,1451300,314
2019-05-22,50.630001,50.720001,50.369999,50.490002,50.490002,1127800,315
2019-05-23,48.48,48.57,48.130001,48.34,48.34,1894500,316
2019-05-24,48.669998,49.18,48.669998,48.98,48.98,814200,317
2019-05-28,49.709999,49.73,49.09,49.169998,49.169998,879500,318
2019-05-29,48.459999,48.470001,48.009998,48.23,48.23,869600,319
2019-05-30,48.549999,48.790001,48.299999,48.529999,48.529999,613100,320
2019-05-31,47.98,48.099998,47.709999,48,48,1085200,321
2019-06-03,48.009998,48.360001,47.700001,47.779999,47.779999,849600,322
2019-06-04,47.630001,48.169998,47.290001,48.130001,48.130001,1014100,323
2019-06-05,48.5,48.5,47.73,48.110001,48.110001,764200,324
2019-06-06,47.639999,47.759998,47.330002,47.450001,47.450001,1159900,325
2019-06-07,48.139999,49.099998,48.139999,48.860001,48.860001,1146300,326
2019-06-10,49.66,49.799999,49.169998,49.619999,49.619999,1711200,327
2019-06-11,49.880001,50.119999,49.669998,49.82,49.82,1064100,328
2019-06-12,49.169998,49.529999,49,49.380001,49.380001,1579900,329
2019-06-13,49.41,49.860001,49.389999,49.669998,49.669998,1198700,330
2019-06-14,50.540001,51.560001,50.43,51.330002,51.330002,3736100,331
2019-06-17,51.740002,52.669998,51.740002,52.099998,52.099998,2555100,332
2019-06-18,52.290001,52.57,52.099998,52.209999,52.209999,1695700,333
2019-06-19,52.93,53.169998,52.580002,52.98,52.98,2280400,334
2019-06-20,54.049999,54.119999,53.290001,53.939999,53.939999,1678700,335
2019-06-21,52.990002,53.650002,52.709999,53.240002,53.240002,2478300,336
2019-06-24,53.540001,53.73,53.119999,53.150002,53.150002,1530300,337
2019-06-25,52.560001,53.049999,52.509998,52.549999,52.549999,1868600,338
2019-06-26,52.66,52.849998,52.009998,52.459999,52.459999,1080600,339
2019-06-27,52.540001,52.779999,52.209999,52.700001,52.700001,1027600,340
2019-06-28,52.84,52.84,52.189999,52.389999,52.389999,886200,341
2019-07-01,53.560001,53.82,52.98,53.709999,53.709999,1843400,342
2019-07-02,53.27,53.700001,53.130001,53.68,53.68,1386900,343
2019-07-03,54.209999,54.810001,54.189999,54.720001,54.720001,784100,344
2019-07-05,54.389999,55.110001,54.380001,55.029999,55.029999,1468700,345
2019-07-08,54.900002,54.919998,54.66,54.66,54.66,1691000,346
2019-07-09,54.130001,54.509998,53.900002,54.380001,54.380001,1307200,347
2019-07-10,55.110001,55.200001,54.669998,54.779999,54.779999,833900,348
2019-07-11,54.990002,55.209999,54.889999,55.02,55.02,2797000,349
2019-07-12,55.68,55.990002,55.549999,55.77,55.77,770100,350
2019-07-15,56,56.049999,55.650002,55.77,55.77,917700,351
2019-07-16,54.169998,54.509998,53.689999,53.990002,53.990002,1461400,352
2019-07-17,54.779999,54.799999,54.169998,54.369999,54.369999,1025700,353
2019-07-18,53.650002,54.049999,53.41,53.950001,53.950001,790000,354
2019-07-19,54.310001,54.330002,53.650002,53.66,53.66,400700,355
2019-07-22,54.02,54.049999,53.68,53.799999,53.799999,965200,356
2019-07-23,54.279999,54.470001,54.029999,54.41,54.41,730200,357
2019-07-24,54.869999,55.209999,54.75,55.099998,55.099998,1115700,358
2019-07-25,54.5,54.759998,54.32,54.549999,54.549999,1381400,359
2019-07-26,54.799999,54.93,54.59,54.799999,54.799999,1631800,360
2019-07-29,54,54.84,54,54.700001,54.700001,3002000,361
2019-07-30,56.060001,57.41,56.02,57.099998,57.099998,3197400,362
2019-07-31,57,57.290001,56.279999,56.860001,56.860001,1443100,363
2019-08-01,56.450001,57.290001,55.66,55.849998,55.849998,2243600,364
2019-08-02,55.299999,55.450001,54.669998,54.98,54.98,1266100,365
2019-08-05,53.830002,53.830002,53.32,53.650002,53.650002,1873300,366
2019-08-06,54.779999,55,54.330002,55,55,1194800,367
2019-08-07,55.48,55.84,54.93,55.529999,55.529999,2389900,368
2019-08-08,55.41,56.34,55.299999,56.25,56.25,1499900,369
2019-08-09,56.48,56.59,55.709999,56.110001,56.110001,426200,370
2019-08-12,56,56.049999,55.419998,55.599998,55.599998,504800,371
2019-08-13,55.700001,56.639999,55.509998,56.259998,56.259998,1140800,372
2019-08-14,55.23,55.259998,54.139999,54.32,54.32,1272700,373
2019-08-15,54.700001,55.220001,54.580002,55.02,55.02,872800,374
2019-08-16,54.84,55.959999,54.84,55.73,55.73,1254700,375
2019-08-19,55.720001,55.98,55.610001,55.720001,55.720001,934800,376
2019-08-20,56,56.02,55.59,55.66,55.66,378100,377
2019-08-21,56.330002,57.07,56.200001,56.650002,56.650002,1052800,378
2019-08-22,55.169998,55.380001,54.389999,54.77,54.77,1583600,379
2019-08-23,54.799999,55.060001,53.66,53.84,53.84,1303600,380
2019-08-26,55.529999,55.990002,55.450001,55.52,55.52,1174600,381
2019-08-27,55.709999,55.98,55.310001,55.509998,55.509998,726300,382
2019-08-28,55.220001,55.709999,55.139999,55.610001,55.610001,501000,383
2019-08-29,56.330002,57.599998,56.330002,56.720001,56.720001,916000,384
2019-08-30,57.110001,57.169998,56.57,56.91,56.91,355400,385
2019-09-03,57.220001,57.77,57,57.43,57.43,857900,386
2019-09-04,58.029999,58.59,57.919998,58.509998,58.509998,925700,387
2019-09-05,59.549999,60.040001,59.48,59.540001,59.540001,1295800,388
2019-09-06,59.34,59.419998,59,59.200001,59.200001,679700,389
2019-09-09,60.5,60.630001,59.68,59.98,59.98,1144500,390
2019-09-10,59.119999,59.389999,58.919998,59.240002,59.240002,759900,391
2019-09-11,59.610001,60.150002,59.459999,60.049999,60.049999,731000,392
2019-09-12,60.139999,60.439999,60,60.25,60.25,623200,393
2019-09-13,60.099998,60.529999,60.09,60.360001,60.360001,661300,394
2019-09-16,59.919998,60.25,59.68,59.970001,59.970001,400800,395
2019-09-17,60.150002,60.150002,59.259998,59.939999,59.939999,1854700,396
2019-09-18,59.119999,59.360001,58.580002,59.110001,59.110001,816600,397
2019-09-19,59.389999,59.779999,59.240002,59.349998,59.349998,619500,398
2019-09-20,59.310001,59.580002,58.759998,59.119999,59.119999,627200,399
2019-09-23,58.98,59.27,58.869999,59.119999,59.119999,426300,400
2019-09-24,59.669998,59.77,58.720001,58.91,58.91,987800,401
2019-09-25,60.400002,60.740002,59.869999,60.580002,60.580002,1522500,402
2019-09-26,59.91,60.080002,59.23,59.41,59.41,825500,403
2019-09-27,58.830002,59.389999,58.650002,58.77,58.77,1501700,404
2019-09-30,58.490002,59.18,58.099998,59.130001,59.130001,666700,405
2019-10-01,58.5,58.959999,57.650002,57.959999,57.959999,988400,406
2019-10-02,57.25,57.25,56.509998,56.830002,56.830002,1005200,407
2019-10-03,57.349998,58,57,57.93,57.93,823800,408
2019-10-04,57.889999,58.860001,57.889999,58.75,58.75,631900,409
2019-10-07,58.099998,58.400002,58.07,58.07,58.07,661400,410
2019-10-08,57.549999,57.610001,57.029999,57.209999,57.209999,630500,411
2019-10-09,57.779999,58.099998,57.689999,57.869999,57.869999,323500,412
2019-10-10,57.139999,57.560001,57.07,57.330002,57.330002,721300,413
2019-10-11,58,58.91,58,58.139999,58.139999,1378000,414
2019-10-14,58.139999,58.380001,57.82,57.84,57.84,461400,415
2019-10-15,58.189999,58.68,58.150002,58.5,58.5,943000,416
2019-10-16,58.5,59.040001,58.490002,58.919998,58.919998,747600,417
2019-10-17,60.029999,60.25,59.759998,60.040001,60.040001,759600,418
2019-10-18,59.799999,59.869999,58.599998,59.209999,59.209999,1079000,419
2019-10-21,59.439999,59.580002,59.110001,59.18,59.18,564300,420
2019-10-22,59.48,59.580002,58.939999,58.970001,58.970001,649700,421
2019-10-23,58.77,58.810001,58.240002,58.580002,58.580002,589100,422
2019-10-24,59.150002,59.150002,58.349998,58.630001,58.630001,727500,423
2019-10-25,58.23,58.619999,58.029999,58.509998,58.509998,683700,424
2019-10-28,58.849998,59.279999,58.689999,59.060001,59.060001,874900,425
2019-10-29,58.860001,59.34,58.830002,59.240002,59.240002,1496400,426
2019-10-30,60.200001,61.77,59.860001,61.07,61.07,1265100,427
2019-10-31,61.080002,61.09,60.41,60.830002,60.830002,661800,428
2019-11-01,61.27,61.619999,61.119999,61.439999,61.439999,613700,429
2019-11-04,61.799999,61.849998,61.34,61.57,61.57,606200,430
2019-11-05,61.560001,61.57,61.029999,61.439999,61.439999,663600,431
2019-11-06,61.040001,61.200001,60.68,60.73,60.73,456600,432
2019-11-07,60.41,60.720001,60.220001,60.400002,60.400002,649500,433
2019-11-08,60.25,60.57,60.150002,60.41,60.41,941800,434
2019-11-11,61.400002,61.880001,61,61.720001,61.720001,1398700,435
2019-11-12,62,62.5,61.91,62.130001,62.130001,1068100,436
2019-11-13,62.580002,62.580002,62.23,62.290001,62.290001,1089300,437
2019-11-14,62.009998,62.099998,61.34,61.849998,61.849998,424100,438
2019-11-15,62,62.200001,61.720001,62.060001,62.060001,325200,439
2019-11-18,63.009998,63.009998,62.330002,62.439999,62.439999,827100,440
2019-11-19,62.240002,62.32,61.75,61.900002,61.900002,1512500,441
2019-11-20,61.720001,61.880001,61.25,61.48,61.48,852500,442
2019-11-21,61.099998,61.639999,60.959999,61.52,61.52,1149700,443
2019-11-22,61.639999,61.700001,61.169998,61.200001,61.200001,607200,444
2019-11-25,61.709999,61.950001,61.580002,61.799999,61.799999,879400,445
2019-11-26,63,63.200001,62.619999,63.150002,63.150002,2221700,446
2019-11-27,63.279999,63.75,63.200001,63.720001,63.720001,1565400,447
2019-11-29,63.259998,63.599998,63.220001,63.48,63.48,952800,448
2019-12-02,63.459999,63.560001,62.689999,63.279999,63.279999,1515400,449
2019-12-03,64.400002,64.629997,63.91,64.589996,64.589996,1648100,450
2019-12-04,65.269997,65.559998,65.080002,65.290001,65.290001,1123800,451
2019-12-05,65.160004,65.290001,64.800003,65.199997,65.199997,1156400,452
2019-12-06,65.339996,65.470001,65.150002,65.290001,65.290001,999800,453
2019-12-09,65.610001,66.300003,65.610001,65.93,65.93,1323200,454
2019-12-10,66.57,66.699997,66.040001,66.309998,66.309998,872900,455
2019-12-11,66.480003,66.550003,66.199997,66.540001,66.540001,1375100,456
2019-12-12,66.919998,67.389999,66.830002,67.32,67.32,1152300,457
2019-12-13,67.400002,67.790001,67.199997,67.57,67.57,1019200,458
2019-12-16,68.199997,68.470001,68,68.25,68.25,1109400,459
2019-12-17,68.040001,68.089996,67.690002,67.739998,67.739998,747600,460
2019-12-18,67.830002,67.910004,67.400002,67.699997,67.699997,557700,461
2019-12-19,68.059998,68.209999,67.82,67.879997,67.879997,667600,462
2019-12-20,67.239998,67.910004,66.919998,67.900002,67.900002,1594400,463
2019-12-23,67.809998,68.169998,67.599998,68.080002,68.080002,601400,464
2019-12-24,67.980003,68,67.760002,67.760002,67.760002,264500,465
2019-12-26,68,68.029999,67.849998,68.019997,68.019997,518000,466
2019-12-27,68.029999,68.099998,67.730003,67.779999,67.779999,351100,467
2019-12-30,67.779999,67.790001,67.25,67.720001,67.720001,993900,468
2019-12-31,67.720001,68.029999,67.510002,68,68,549700,469
2020-01-02,68.300003,69.059998,68.279999,69.059998,69.059998,856500,470
2020-01-03,68.5,68.650002,67.959999,68.080002,68.080002,518600,471
2020-01-06,68.25,69.199997,68.220001,69.110001,69.110001,755500,472
2020-01-07,70.510002,70.580002,69.809998,70.199997,70.199997,1316200,473
2020-01-08,70.800003,71.120003,70.370003,70.459999,70.459999,1640200,474
2020-01-09,71.400002,71.660004,70.589996,71.029999,71.029999,2377300,475
2020-01-10,71.459999,71.459999,70.739998,70.860001,70.860001,1120500,476
2020-01-13,71.389999,71.699997,71.080002,71.639999,71.639999,1272300,477
2020-01-14,72.940002,72.949997,72.010002,72.470001,72.470001,1940800,478
2020-01-15,71.599998,72.120003,71.449997,71.599998,71.599998,1085900,479
2020-01-16,72.230003,72.720001,72.199997,72.620003,72.620003,1158900,480
2020-01-17,72.720001,72.720001,72.160004,72.480003,72.480003,780500,481
2020-01-21,72.5,72.5,72.110001,72.129997,72.129997,967200,482
2020-01-22,72.57,72.68,72.169998,72.379997,72.379997,760800,483
2020-01-23,72.75,72.75,72.019997,72.589996,72.589996,579700,484
2020-01-24,72.639999,72.68,71.480003,71.879997,71.879997,678300,485
2020-01-27,71.440002,71.699997,71.150002,71.309998,71.309998,1267300,486
2020-01-28,71.699997,72.209999,71.349998,72.019997,72.019997,812600,487
2020-01-29,71.900002,72.019997,71.650002,71.800003,71.800003,613000,488
2020-01-30,70.629997,71.309998,70.209999,71.139999,71.139999,870900,489
2020-01-31,70.989998,70.989998,69.910004,70.18,70.18,957400,490
2020-02-03,70.290001,70.900002,70.25,70.480003,70.480003,1811100,491
2020-02-04,72.169998,73.860001,71.160004,73,73,1578700,492
2020-02-05,70.660004,71.059998,70.349998,70.510002,70.510002,1799000,493
2020-02-06,70.970001,71.550003,70.970001,71.550003,71.550003,662600,494
2020-02-07,71,71.25,69.709999,70.089996,70.089996,1462400,495
2020-02-10,70.129997,70.209999,69.629997,70.169998,70.169998,929300,496
2020-02-11,70.629997,70.849998,70.190002,70.32,70.32,852000,497
2020-02-12,70.300003,70.790001,70.300003,70.769997,70.769997,587900,498
2020-02-13,69.919998,69.919998,69.510002,69.599998,69.599998,910300,499
2020-02-14,69.480003,69.529999,68.459999,68.830002,68.830002,1485200,500
2020-02-18,66.419998,67.089996,66.099998,66.639999,66.639999,2345700,501
2020-02-19,66.959999,67.370003,66.870003,67.07,67.07,1234900,502
2020-02-20,66.910004,67.169998,66.029999,66.739998,66.739998,1326100,503
2020-02-21,66.949997,67,65.75,65.940002,65.940002,906900,504
2020-02-24,64,64.580002,63.509998,63.93,63.93,1413800,505
2020-02-25,65.25,65.5,63.130001,63.580002,63.580002,2226400,506
2020-02-26,64.360001,64.830002,63.779999,63.939999,63.939999,1553400,507
2020-02-27,61.91,62.720001,60.880001,60.889999,60.889999,2006000,508
2020-02-28,59.490002,62.459999,59.349998,62.200001,62.200001,2722600,509
2020-03-02,63.599998,64.260002,62.310001,64.160004,64.160004,2117900,510
2020-03-03,63.77,64.510002,62.560001,63.18,63.18,1714500,511
2020-03-04,63.779999,64.949997,63.57,64.790001,64.790001,1223800,512
2020-03-05,63.849998,63.990002,62.919998,63.439999,63.439999,1259900,513
2020-03-06,62.799999,63.240002,62.16,63.119999,63.119999,1165600,514
2020-03-09,58.189999,60.470001,58,58.529999,58.529999,1374800,515
2020-03-10,61.09,61.150002,59.060001,60.330002,60.330002,3117300,516
2020-03-11,58.950001,59.349998,57.439999,57.790001,57.790001,1349800,517
2020-03-12,54.529999,55.470001,51.5,52.57,52.57,2072100,518
2020-03-13,56.349998,56.669998,53.290001,56.32,56.32,2012300,519
2020-03-16,52,53.860001,50.939999,51.68,51.68,1458900,520
2020-03-17,53.41,55.369999,52.650002,55.200001,55.200001,1702400,521
2020-03-18,54.779999,58.099998,52.080002,54.790001,54.790001,3626500,522
2020-03-19,54.860001,56.040001,53.599998,55.400002,55.400002,2382900,523
2020-03-20,56.48,56.900002,52.82,53.060001,53.060001,1613000,524
2020-03-23,53.939999,54.400002,51.580002,52.900002,52.900002,1592600,525
2020-03-24,56.299999,57,55.560001,57,57,2281900,526
2020-03-25,58.380001,59.330002,56.32,57.68,57.68,1225000,527
2020-03-26,58.66,60.509998,58,60.5,60.5,1465400,528
2020-03-27,59.599998,60.599998,58.720001,59.32,59.32,1943400,529
2020-03-30,59.939999,60.450001,59.139999,60.169998,60.169998,1215200,530
2020-03-31,59.27,60.5,58.610001,59.18,59.18,1057900,531
2020-04-01,57.93,58.43,56.650002,56.849998,56.849998,1110900,532
2020-04-02,58.369999,59.299999,57.91,58.91,58.91,1107900,533
2020-04-03,58,58.529999,56.77,57.48,57.48,667800,534
2020-04-06,59.830002,61.23,59.5,60.869999,60.869999,1196800,535
2020-04-07,62.75,62.900002,60.459999,60.66,60.66,1347100,536
2020-04-08,61.080002,62.369999,60.720001,62.110001,62.110001,1112600,537
2020-04-09,62.23,62.450001,61,61.580002,61.580002,1139300,538
2020-04-13,61,61.080002,59.509998,60.09,60.09,1551700,539
2020-04-14,61.799999,62.049999,60.900002,61.43,61.43,1762500,540
2020-04-15,62.200001,62.200001,61.240002,62.07,62.07,2207300,541
2020-04-16,62.419998,62.470001,61.59,62.240002,62.240002,2740200,542
2020-04-17,64.139999,64.440002,63.490002,64.440002,64.440002,3182300,543
2020-04-20,63.59,64.43,63.200001,63.549999,63.549999,2436900,544
2020-04-21,62.209999,62.650002,61.41,62.049999,62.049999,2203700,545
2020-04-22,62.689999,62.98,62.470001,62.68,62.68,837300,546
2020-04-23,63.43,63.5,61.959999,62.060001,62.060001,985500,547
2020-04-24,63.189999,63.189999,62.25,62.959999,62.959999,1158100,548
2020-04-27,63.509998,63.869999,63.220001,63.450001,63.450001,1233300,549
2020-04-28,63.880001,64.040001,62.889999,62.919998,62.919998,972100,550
2020-04-29,64.410004,64.849998,63.830002,64.580002,64.580002,1193600,551
2020-04-30,64.160004,64.440002,63.400002,64.25,64.25,1108900,552
2020-05-01,63.23,63.619999,62.16,62.73,62.73,625200,553
2020-05-04,62.299999,62.529999,61.349998,61.939999,61.939999,768100,554
2020-05-05,62.889999,63.740002,62.779999,63.389999,63.389999,957200,555
2020-05-06,63.939999,64.260002,63.240002,63.950001,63.950001,913600,556
2020-05-07,64.269997,64.589996,63.900002,64.370003,64.370003,900400,557
2020-05-08,65,65.889999,64.589996,65.510002,65.510002,957700,558
2020-05-11,65.769997,66.050003,65.279999,65.970001,65.970001,916800,559
2020-05-12,65.919998,66.400002,65.550003,65.589996,65.589996,1140200,560
2020-05-13,63.68,64.050003,62.299999,62.779999,62.779999,2543800,561
2020-05-14,62.939999,63.66,62.369999,63.66,63.66,1329900,562
2020-05-15,63.52,64.559998,63.48,64.010002,64.010002,1241200,563
2020-05-18,63,64.459999,62.689999,64.07,64.07,1976900,564
2020-05-19,64.290001,64.339996,63,63.049999,63.049999,2118400,565
2020-05-20,63.23,63.849998,63.060001,63.169998,63.169998,2146500,566
2020-05-21,63,63.380001,62.18,62.740002,62.740002,1214600,567
2020-05-22,63.200001,63.32,62.59,63.240002,63.240002,848700,568
2020-05-26,62.790001,63.16,62.16,62.18,62.18,1435100,569
2020-05-27,62.5,63.029999,62.02,62.970001,62.970001,1524600,570
2020-05-28,63.580002,65.330002,63.580002,64.580002,64.580002,1606900,571
2020-05-29,64.199997,64.760002,63.650002,64.760002,64.760002,1176800,572
2020-06-01,64.910004,65.650002,64.559998,65.489998,65.489998,1423600,573
2020-06-02,65.980003,66.82,65.919998,66.75,66.75,1420600,574
2020-06-03,66,67.019997,65.970001,66.790001,66.790001,2723200,575
2020-06-04,67,67.410004,66.059998,66.18,66.18,1167400,576
2020-06-05,66.580002,67.550003,66.550003,67.309998,67.309998,1274500,577
2020-06-08,67.5,68.790001,67.300003,68.559998,68.559998,1392600,578
2020-06-09,68.440002,68.800003,67.900002,68.449997,68.449997,986700,579
2020-06-10,70,70.599998,69.150002,70.510002,70.510002,1863300,580
2020-06-11,70.169998,70.190002,67.099998,67.370003,67.370003,2784400,581
2020-06-12,69.720001,69.830002,66.870003,68.290001,68.290001,2360700,582
2020-06-15,68.360001,69.989998,67.889999,69.730003,69.730003,1640100,583
2020-06-16,70.489998,70.5,68.800003,69.349998,69.349998,1029200,584
2020-06-17,70.959999,71.779999,70.730003,71.580002,71.580002,1375300,585
2020-06-18,71.650002,71.849998,71.419998,71.550003,71.550003,920000,586
2020-06-19,71.720001,71.849998,70.75,70.980003,70.980003,1513900,587
2020-06-22,71.25,71.809998,70.959999,71.709999,71.709999,605900,588
2020-06-23,71.809998,72.339996,71.589996,71.639999,71.639999,1189700,589
2020-06-24,71.389999,71.480003,70.300003,70.650002,70.650002,646500,590
2020-06-25,70.160004,71.120003,69.720001,71,71,682300,591
2020-06-26,70.260002,70.419998,69.199997,69.68,69.68,953300,592
2020-06-29,68.739998,68.849998,68.150002,68.720001,68.720001,972100,593
2020-06-30,68.629997,69.220001,68.459999,69.129997,69.129997,736700,594
2020-07-01,69.169998,70.949997,69.169998,70.389999,70.389999,1549700,595
2020-07-02,70.5,70.5,69.970001,70.230003,70.230003,1087000,596
2020-07-06,70.519997,70.809998,70.300003,70.529999,70.529999,1397500,597
2020-07-07,69.82,70.059998,69.050003,69.160004,69.160004,908000,598
2020-07-08,69.550003,69.849998,68.980003,69.790001,69.790001,533500,599
2020-07-09,71.32,71.660004,70.480003,71.529999,71.529999,949600,600
2020-07-10,73,74.110001,72.610001,73.940002,73.940002,1666900,601
2020-07-13,75.5,76.639999,74.160004,74.360001,74.360001,1814600,602
2020-07-14,73.389999,74.610001,73.129997,74.519997,74.519997,757600,603
2020-07-15,76.110001,77.879997,75.889999,76.830002,76.830002,1985200,604
2020-07-16,76.300003,77.07,76.150002,76.800003,76.800003,935400,605
2020-07-17,75.959999,76.43,75.440002,76.080002,76.080002,1091700,606
2020-07-20,77.18,78.5,76.889999,78.18,78.18,875000,607
2020-07-21,78.25,78.269997,77.150002,77.309998,77.309998,698200,608
2020-07-22,77.269997,77.599998,76.809998,77.349998,77.349998,417000,609
2020-07-23,77.480003,77.989998,76.190002,76.419998,76.419998,608100,610
2020-07-24,75.849998,76.550003,75.339996,76.459999,76.459999,535500,611
2020-07-27,77.669998,78.610001,77.629997,78.529999,78.529999,911200,612
2020-07-28,78.5,78.5,77.589996,77.620003,77.620003,479200,613
2020-07-29,77.629997,78.739998,77.559998,78.349998,78.349998,530400,614
2020-07-30,77.459999,78.760002,77.330002,78.519997,78.519997,624300,615
2020-07-31,76.980003,77.970001,76.910004,77.959999,77.959999,1112900,616
2020-08-03,78.709999,81.410004,78.669998,81.269997,81.269997,2149700,617
2020-08-04,83.559998,84.150002,82.510002,83.370003,83.370003,1695500,618
2020-08-05,81.699997,81.790001,80.709999,81.25,81.25,1179100,619
2020-08-06,80.860001,81.120003,80.360001,80.470001,80.470001,1129800,620
2020-08-07,80.5,80.730003,79.110001,80.029999,80.029999,1101600,621
2020-08-10,80.449997,80.449997,79.730003,80.050003,80.050003,644600,622
2020-08-11,79.919998,80.32,79.220001,79.330002,79.330002,1039600,623
2020-08-12,79.510002,80.980003,79.459999,80.739998,80.739998,1233600,624
2020-08-13,81.559998,83.190002,81.269997,82.669998,82.669998,1794200,625
2020-08-14,83.389999,83.610001,82.879997,82.93,82.93,1419400,626
2020-08-17,83.529999,83.709999,82.720001,83.449997,83.449997,1237400,627
2020-08-18,83.849998,83.900002,82.629997,82.980003,82.980003,798200,628
2020-08-19,81.5,82.07,81.019997,81.099998,81.099998,1354300,629
2020-08-20,79.07,79.57,78.870003,79.410004,79.410004,1224700,630
2020-08-21,78.5,78.93,78.199997,78.75,78.75,1337000,631
2020-08-24,79.910004,80.279999,79.370003,79.769997,79.769997,848500,632
2020-08-25,79.18,79.620003,79.160004,79.370003,79.370003,636000,633
2020-08-26,80.400002,81.209999,80.139999,81.120003,81.120003,900600,634
2020-08-27,81.199997,81.199997,79.970001,80.419998,80.419998,1032800,635
2020-08-28,79.07,79.650002,78.800003,79.389999,79.389999,1010000,636
2020-08-31,78.650002,78.980003,78.440002,78.639999,78.639999,777200,637
2020-09-01,79.230003,80.110001,78.75,79.5,79.5,1061900,638
2020-09-02,79.589996,80,78.800003,79.489998,79.489998,888900,639
2020-09-03,78.849998,78.959999,76.709999,77.379997,77.379997,1069300,640
2020-09-04,77.779999,78.470001,75.599998,77.660004,77.660004,1241500,641
2020-09-08,76.709999,76.860001,75.870003,76.010002,76.010002,1262300,642
2020-09-09,76.860001,77.949997,76.550003,77.480003,77.480003,888300,643
2020-09-10,77.769997,77.940002,76.400002,76.5,76.5,979700,644
2020-09-11,77.18,77.389999,76.239998,77.019997,77.019997,826100,645
2020-09-14,77.330002,78.260002,77.269997,77.720001,77.720001,676200,646
2020-09-15,76.870003,77.300003,76.230003,76.459999,76.459999,1383600,647
2020-09-16,77.879997,78,76.889999,76.989998,76.989998,1789200,648
2020-09-17,77.160004,78.290001,76.720001,77.610001,77.610001,1461500,649
2020-09-18,80.080002,80.169998,78.330002,78.959999,78.959999,1212000,650
2020-09-21,77.75,78.349998,77,78.269997,78.269997,762500,651
2020-09-22,79.07,79.080002,77.82,78.699997,78.699997,730800,652
2020-09-23,78.5,78.540001,76.989998,77.330002,77.330002,873100,653
2020-09-24,76.970001,78.480003,76.809998,77.779999,77.779999,834700,654
2020-09-25,76.940002,77.389999,76.389999,77.260002,77.260002,617700,655
2020-09-28,78.099998,78.099998,76.959999,77.279999,77.279999,790200,656
2020-09-29,77.43,77.82,77.080002,77.480003,77.480003,449100,657
2020-09-30,76.75,77.440002,76.279999,76.75,76.75,706700,658
2020-10-01,76.910004,76.919998,76.150002,76.449997,76.449997,719700,659
2020-10-02,74,74.949997,73.620003,74,74,1392000,660
2020-10-05,74.849998,75.220001,74.550003,75.07,75.07,846200,661
2020-10-06,74.339996,74.410004,73.43,73.540001,73.540001,850800,662
2020-10-07,73.980003,73.980003,73.099998,73.370003,73.370003,1238400,663
2020-10-08,73.75,74.300003,73.529999,74.129997,74.129997,744900,664
2020-10-09,74.349998,74.839996,73.93,74.550003,74.550003,755700,665
2020-10-12,74.07,74.879997,74.059998,74.589996,74.589996,770900,666
2020-10-13,74.790001,75.18,74.260002,74.690002,74.690002,907000,667
2020-10-14,74.610001,74.900002,74.269997,74.410004,74.410004,942800,668
2020-10-15,73.599998,73.599998,72.580002,73.269997,73.269997,1129100,669
2020-10-16,72.760002,73.040001,72.449997,72.669998,72.669998,1062600,670
2020-10-19,73.699997,73.860001,72.809998,72.93,72.93,822200,671
2020-10-20,74.629997,75.870003,74.580002,75.57,75.57,1215800,672
2020-10-21,75.330002,75.43,74.400002,74.639999,74.639999,873200,673
2020-10-22,74.879997,74.970001,74.209999,74.599998,74.599998,661900,674
2020-10-23,75.190002,75.57,74.510002,75.43,75.43,751200,675
2020-10-26,75.75,76.43,75.550003,76.199997,76.199997,842500,676
2020-10-27,77.300003,78.290001,76.949997,77.470001,77.470001,1467300,677
2020-10-28,81.900002,81.949997,79.110001,81.599998,81.599998,2727400,678
2020-10-29,83.760002,83.879997,82.559998,83.43,83.43,1845100,679
2020-10-30,83.25,84.050003,82.580002,83.660004,83.660004,1479300,680
2020-11-02,84.120003,85.919998,84.040001,85.5,85.5,2077700,681
2020-11-03,86,87.25,86,86.410004,86.410004,1059400,682
2020-11-04,85.379997,87.269997,85.169998,86.410004,86.410004,1039200,683
2020-11-05,88.75,90.879997,88.720001,90.389999,90.389999,1823300,684
2020-11-06,89.099998,90.169998,88.660004,89.389999,89.389999,1394500,685
2020-11-09,90,90,86.599998,86.610001,86.610001,1884900,686
2020-11-10,86.050003,86.440002,85.279999,85.910004,85.910004,1300100,687
2020-11-11,86.480003,88.690002,86.260002,88.089996,88.089996,1347400,688
2020-11-12,87.470001,88.139999,86.860001,87.110001,87.110001,1209000,689
2020-11-13,88.970001,90.050003,88.540001,89.720001,89.720001,1094900,690
2020-11-16,90.690002,91.099998,90.050003,90.449997,90.449997,1151100,691
2020-11-17,90.239998,90.699997,89.519997,89.709999,89.709999,1751500,692
2020-11-18,88.860001,89.690002,88.239998,88.25,88.25,746400,693
2020-11-19,88.870003,88.989998,88.440002,88.849998,88.849998,899900,694
2020-11-20,88.910004,90.269997,88.860001,89.980003,89.980003,623900,695
2020-11-23,90.099998,90.809998,89.470001,89.790001,89.790001,742800,696
2020-11-24,91.050003,91.550003,90.029999,90.800003,90.800003,1208900,697
2020-11-25,93.400002,93.5,91.910004,93.230003,93.230003,1649700,698
2020-11-27,93.980003,94.5,93.82,94.07,94.07,666900,699
2020-11-30,93.650002,94,92.620003,93.290001,93.290001,969700,700
2020-12-01,94.139999,94.82,93.959999,94.68,94.68,1240200,701
2020-12-02,92.389999,93.349998,92.160004,92.620003,92.620003,1188400,702
2020-12-03,93.800003,94.300003,93.580002,93.830002,93.830002,754600,703
2020-12-04,93.900002,94.410004,93.800003,94.400002,94.400002,570100,704
2020-12-07,93,93.620003,92.940002,93.360001,93.360001,901400,705
2020-12-08,93.400002,93.800003,93.150002,93.370003,93.370003,717900,706
2020-12-09,94.589996,94.629997,93.25,94.129997,94.129997,1988700,707
2020-12-10,93.699997,94.190002,93.330002,94.089996,94.089996,725400,708
2020-12-11,94.309998,94.980003,94.160004,94.68,94.68,907600,709
2020-12-14,94.959999,95.050003,93.339996,93.370003,93.370003,855700,710
2020-12-15,93.800003,94.639999,93.550003,94.150002,94.150002,824300,711
2020-12-16,94.269997,95.360001,94.050003,95.110001,95.110001,856800,712
2020-12-17,97.07,97.769997,96.769997,97.019997,97.019997,1199700,713
2020-12-18,99.099998,99.349998,98.139999,98.709999,98.709999,1289600,714
2020-12-21,98.889999,99.529999,97.809998,99.400002,99.400002,939000,715
2020-12-22,97.959999,98.309998,97.279999,97.459999,97.459999,743000,716
2020-12-23,98.129997,98.129997,97.239998,97.459999,97.459999,669600,717
2020-12-24,97.459999,97.559998,96.540001,96.839996,96.839996,301800,718
2020-12-28,98.190002,98.290001,97.830002,97.949997,97.949997,963600,719
2020-12-29,100,100.830002,99.349998,100.43,100.43,988800,720
2020-12-30,99.800003,100.949997,99.660004,100.779999,100.779999,616200,721
2020-12-31,100.93,101.400002,100.610001,101.099998,101.099998,670700,722
2021-01-04,101.5,101.620003,99.459999,100.07,100.07,1064000,723
2021-01-05,102.019997,103.519997,102,103.110001,103.110001,1118700,724
2021-01-06,100.459999,101.989998,100.279999,101.080002,101.080002,981500,725
2021-01-07,101.080002,102.089996,100.860001,102,102,760700,726
2021-01-08,103.290001,104,102.940002,103.989998,103.989998,1400400,727
2021-01-11,104.330002,105,103.330002,103.839996,103.839996,1036600,728
2021-01-12,104.300003,104.480003,103.279999,104.029999,104.029999,1192300,729
2021-01-13,103.239998,104.339996,103.199997,103.889999,103.889999,794400,730
2021-01-14,103.650002,103.980003,103.239998,103.419998,103.419998,831100,731
2021-01-15,101.790001,102.699997,101.529999,102.050003,102.050003,1027600,732
2021-01-19,102.029999,102.440002,101.699997,102.230003,102.230003,701000,733
2021-01-20,102.43,103.599998,102.43,102.889999,102.889999,874000,734
2021-01-21,102.910004,103.199997,101.900002,102.550003,102.550003,649200,735
2021-01-22,101.620003,101.93,101.029999,101.110001,101.110001,759600,736
2021-01-25,99.699997,99.940002,97.82,99.279999,99.279999,1457800,737
2021-01-26,99.849998,100.18,99.389999,99.709999,99.709999,775000,738
2021-01-27,97.779999,98.879997,96.889999,97,97,1115200,739
2021-01-28,96.379997,98.419998,96.199997,97.650002,97.650002,1439700,740
2021-01-29,97,97.089996,95.089996,95.709999,95.709999,859200,741
2021-02-01,97.610001,98.639999,96.940002,98.529999,98.529999,1499500,742
2021-02-02,99.5,99.830002,99.169998,99.239998,99.239998,1267700,743
2021-02-03,108.300003,112.290001,106.959999,111.309998,111.309998,3026200,744
2021-02-04,110.980003,111.150002,109.010002,110.879997,110.879997,1382400,745
2021-02-05,118.029999,118.5,115.239998,116.709999,116.709999,2026500,746
2021-02-08,114.360001,115.639999,114.360001,115.620003,115.620003,1067800,747
2021-02-09,112.57,113.43,111.989998,112.639999,112.639999,1014300,748
2021-02-10,114.5,114.5,112.279999,113.309998,113.309998,606400,749
2021-02-11,114.019997,114.739998,113.440002,113.970001,113.970001,470300,750
2021-02-12,112.809998,113.620003,112.790001,113.529999,113.529999,557700,751
2021-02-16,115.849998,115.900002,114.419998,114.970001,114.970001,849400,752
2021-02-17,115.309998,115.309998,113.860001,114.919998,114.919998,592200,753
2021-02-18,113.25,113.870003,112.43,113.519997,113.519997,567200,754
2021-02-19,114.010002,117.809998,113.910004,115.540001,115.540001,1988600,755
2021-02-22,113.529999,114.910004,113.029999,113.279999,113.279999,1096400,756
2021-02-23,110.970001,112.860001,109.540001,112.43,112.43,1067300,757
2021-02-24,108.32,109.970001,108.110001,109.599998,109.599998,1474800,758
2021-02-25,108.730003,109.089996,106.849998,107.080002,107.080002,1338000,759
2021-02-26,106.93,106.989998,105.370003,105.809998,105.809998,1002900,760
2021-03-01,107.330002,108.559998,106.849998,108.080002,108.080002,935600,761
2021-03-02,107.18,107.260002,105.75,105.769997,105.769997,1082500,762
2021-03-03,106.410004,106.57,104.5,104.519997,104.519997,1052700,763
2021-03-04,103.309998,104.019997,100.730003,101.839996,101.839996,1642500,764
2021-03-05,103.610001,104.25,101.279999,104.139999,104.139999,1053900,765
2021-03-08,102.339996,103,100.199997,100.25,100.25,1242600,766
2021-03-09,100.25,101.989998,100.089996,101.519997,101.519997,1288500,767
2021-03-10,102.470001,102.690002,100.510002,100.989998,100.989998,1073400,768
2021-03-11,102.279999,103.650002,101.769997,103.199997,103.199997,915500,769
2021-03-12,103.169998,104.589996,102.510002,104.559998,104.559998,870100,770
2021-03-15,104.879997,105.440002,104.169998,105.389999,105.389999,875500,771
2021-03-16,106.239998,107.25,106.150002,106.559998,106.559998,823900,772
2021-03-17,105.769997,106.300003,104.769997,105.93,105.93,719100,773
2021-03-18,105.940002,106.129997,104.940002,105.339996,105.339996,860600,774
2021-03-19,105.809998,105.809998,104.510002,105.260002,105.260002,622700,775
2021-03-22,106,107.419998,105.510002,106.889999,106.889999,2082100,776
2021-03-23,106.330002,106.93,105.010002,105.110001,105.110001,761200,777
2021-03-24,104.809998,104.809998,102.309998,102.349998,102.349998,1270700,778
2021-03-25,102.360001,102.940002,101.459999,102.650002,102.650002,971200,779
2021-03-26,104.160004,105.5,104.099998,105.419998,105.419998,823900,780
2021-03-29,105.900002,107.040001,105.040001,106.599998,106.599998,817100,781
2021-03-30,104.330002,104.900002,103.720001,104.510002,104.510002,695100,782
2021-03-31,105.559998,106.800003,105.260002,106.010002,106.010002,597500,783
2021-04-01,106.559998,107.120003,105.510002,106.860001,106.860001,450100,784
2021-04-05,110.800003,111.839996,109.82,111.389999,111.389999,832400,785
2021-04-06,110.120003,110.279999,109.330002,109.900002,109.900002,439100,786
2021-04-07,110.550003,111.339996,109.639999,110.860001,110.860001,489300,787
2021-04-08,109.300003,109.959999,109,109.82,109.82,562500,788
2021-04-09,111.510002,112.059998,110.510002,111.790001,111.790001,823200,789
2021-04-12,111.489998,112.300003,111.129997,111.389999,111.389999,444700,790
2021-04-13,111.980003,112.360001,111.470001,111.879997,111.879997,534800,791
2021-04-14,112.489998,112.809998,111.709999,111.779999,111.779999,410800,792
2021-04-15,112.75,113.5,112.120003,112.769997,112.769997,508200,793
2021-04-16,111.650002,111.669998,110.709999,111.099998,111.099998,642400,794
2021-04-19,111.050003,111.239998,109.410004,109.980003,109.980003,413700,795
2021-04-20,109.650002,110.099998,108,108.610001,108.610001,489100,796
2021-04-21,107.230003,108.589996,106.699997,108.440002,108.440002,559200,797
2021-04-22,109.029999,110.050003,108.540001,108.940002,108.940002,906500,798
2021-04-23,109.790001,110.330002,109.389999,109.940002,109.940002,428500,799
2021-04-26,109,109.699997,108.849998,108.919998,108.919998,536900,800
2021-04-27,106.5,107.699997,105.360001,106.669998,106.669998,1559200,801
2021-04-28,106.400002,106.419998,103.129997,104.489998,104.489998,1735200,802
2021-04-29,105.419998,105.489998,104.110001,104.849998,104.849998,908800,803
2021-04-30,101.330002,102.300003,100,100.160004,100.160004,1080500,804
2021-05-03,100.970001,101.190002,98.650002,99.370003,99.370003,1026600,805
2021-05-04,98.919998,99.230003,96.489998,96.790001,96.790001,1378500,806
2021-05-05,97.690002,98.07,97.220001,97.629997,97.629997,972100,807
2021-05-06,98.18,98.269997,97.059998,97.75,97.75,826100,808
2021-05-07,97,97.949997,96.739998,97.040001,97.040001,878500,809
2021-05-10,99.25,99.489998,97.209999,97.400002,97.400002,1045800,810
2021-05-11,95.550003,96.220001,94.43,96.050003,96.050003,976200,811
2021-05-12,95.139999,95.32,92.839996,93.050003,93.050003,1099200,812
2021-05-13,92.18,93.360001,91.75,92.970001,92.970001,1241900,813
2021-05-14,93.669998,94.300003,93.110001,94.150002,94.150002,696700,814
2021-05-17,94.269997,94.629997,93.470001,93.919998,93.919998,662600,815
2021-05-18,94.160004,96.089996,94.160004,95,95,912400,816
2021-05-19,94.529999,95.379997,93.830002,95.309998,95.309998,534400,817
2021-05-20,95.989998,97.300003,95.989998,96.900002,96.900002,518700,818
2021-05-21,97.32,97.440002,96.360001,96.379997,96.379997,491900,819
2021-05-24,96.839996,97,96.57,96.779999,96.779999,380400,820
2021-05-25,98.510002,98.790001,97.919998,98.349998,98.349998,895500,821
2021-05-26,98.470001,99.470001,98.410004,98.419998,98.419998,577800,822
2021-05-27,99.199997,99.790001,98.489998,99.57,99.57,549700,823
2021-05-28,100.089996,100.529999,99.5,99.610001,99.610001,425600,824
2021-06-01,99.860001,99.860001,98.800003,99.18,99.18,546900,825
2021-06-02,98.730003,98.970001,97.589996,98.059998,98.059998,545100,826
2021-06-03,97.769997,99.309998,97.099998,98.75,98.75,754700,827
2021-06-04,99.709999,101.050003,99.580002,100.690002,100.690002,891400,828
2021-06-07,99.699997,100.309998,99.620003,100.150002,100.150002,1206100,829
2021-06-08,100.279999,100.650002,99.349998,99.610001,99.610001,959800,830
2021-06-09,98.620003,98.830002,97.610001,97.720001,97.720001,515600,831
2021-06-10,98.07,98.800003,97.839996,98.599998,98.599998,569400,832
2021-06-11,98.980003,99.720001,98.599998,99.599998,99.599998,601900,833
2021-06-14,98.879997,99.870003,98.809998,99.43,99.43,486400,834
2021-06-15,99.989998,99.989998,98.690002,99.050003,99.050003,593900,835
2021-06-16,97.82,97.910004,96.5,96.839996,96.839996,591500,836
2021-06-17,94.760002,96.18,94.599998,96.099998,96.099998,734200,837
2021-06-18,95,95.379997,94.419998,94.769997,94.769997,663100,838
2021-06-21,96.019997,97.040001,96,96.910004,96.910004,1062800,839
2021-06-22,97.650002,98.230003,97.5,97.699997,97.699997,717300,840
2021-06-23,96.5,96.629997,96.040001,96.139999,96.139999,522000,841
2021-06-24,96.68,97.150002,96.599998,96.769997,96.769997,379000,842
2021-06-25,97.75,98.519997,97.559998,98.25,98.25,523500,843
2021-06-28,98.440002,98.75,98.029999,98.470001,98.470001,821600,844
2021-06-29,99.5,100.199997,99.25,99.879997,99.879997,597700,845
2021-06-30,97.919998,98.129997,96.900002,97.220001,97.220001,782100,846
2021-07-01,97.910004,98.599998,97.559998,98.25,98.25,499900,847
2021-07-02,101.220001,101.739998,100.599998,101.650002,101.650002,735400,848
2021-07-06,101.760002,102.160004,99.989998,101.080002,101.080002,633000,849
2021-07-07,100.870003,101.470001,100.019997,100.739998,100.739998,529800,850
2021-07-08,98.839996,99.599998,98.050003,99.339996,99.339996,689600,851
2021-07-09,100.550003,102.360001,100.290001,102.040001,102.040001,874700,852
2021-07-12,104.089996,104.709999,103.449997,104.300003,104.300003,1015500,853
2021-07-13,104.199997,104.510002,103.610001,104.279999,104.279999,609300,854
2021-07-14,104.980003,105.290001,104.330002,104.57,104.57,642100,855
2021-07-15,103.910004,103.910004,102.400002,102.870003,102.870003,438600,856
2021-07-16,102.220001,102.580002,101.360001,101.5,101.5,583800,857
2021-07-19,98.730003,99.129997,97.760002,98.449997,98.449997,712400,858
2021-07-20,98.32,99.489998,97.879997,99.080002,99.080002,554000,859
2021-07-21,99.709999,100.830002,99.449997,100.459999,100.459999,419500,860
2021-07-22,100.599998,100.709999,99.5,99.529999,99.529999,348900,861
2021-07-23,100.080002,100.860001,99.739998,100.660004,100.660004,485700,862
2021-07-26,100.25,100.370003,98.809998,99.290001,99.290001,523900,863
2021-07-27,99.93,99.949997,98.699997,99.629997,99.629997,752600,864
2021-07-28,101.400002,103.360001,101.330002,103.129997,103.129997,860900,865
2021-07-29,104.5,106.120003,104.080002,105.860001,105.860001,817300,866
2021-07-30,104,104.730003,103.620003,104.300003,104.300003,628200,867
2021-08-02,104.779999,105.349998,104.279999,104.400002,104.400002,407400,868
2021-08-03,104.589996,104.900002,102.660004,103.68,103.68,733200,869
2021-08-04,102.540001,103.839996,101.75,102.260002,102.260002,619700,870
2021-08-05,103.970001,103.989998,102.110001,102.839996,102.839996,420300,871
2021-08-06,103.480003,104.160004,102.529999,102.620003,102.620003,413200,872
2021-08-09,102.639999,102.75,102.07,102.629997,102.629997,386900,873
2021-08-10,101.199997,101.5,100.279999,100.879997,100.879997,511200,874
2021-08-11,101.089996,101.870003,100.800003,101.760002,101.760002,452100,875
2021-08-12,100.199997,100.489998,98.760002,100.199997,100.199997,590400,876
2021-08-13,101.07,102.220001,100.629997,101.940002,101.940002,492400,877
2021-08-16,99.980003,100.919998,99.410004,100.25,100.25,788800,878
2021-08-17,98.690002,99.260002,98.040001,98.480003,98.480003,775500,879
2021-08-18,99.169998,99.370003,98.300003,98.309998,98.309998,361700,880
2021-08-19,96.480003,96.989998,95.620003,96.610001,96.610001,541400,881
2021-08-20,96.800003,97.839996,96.800003,97.639999,97.639999,419000,882
2021-08-23,99.900002,101.459999,99.620003,101.32,101.32,542700,883
2021-08-24,103,104.540001,102.529999,104.110001,104.110001,633600,884
2021-08-25,104.199997,105.400002,104.120003,105.349998,105.349998,408300,885
2021-08-26,103.120003,103.120003,101.470001,101.650002,101.650002,584500,886
2021-08-27,102.610001,103.519997,102.199997,103.25,103.25,403100,887
2021-08-30,102.75,102.800003,102.349998,102.459999,102.459999,392200,888
2021-08-31,102.959999,103.889999,102.760002,103.459999,103.459999,381300,889
2021-09-01,104,105.309998,103.839996,104.779999,104.779999,550000,890
2021-09-02,105.07,105.959999,105.07,105.419998,105.419998,351400,891
2021-09-03,107.470001,108.290001,106.660004,108.25,108.25,695900,892
2021-09-07,108.25,108.809998,107.599998,108.360001,108.360001,509900,893
2021-09-08,108.279999,108.559998,107.019997,107.839996,107.839996,399200,894
2021-09-09,109.419998,110.919998,109.400002,109.949997,109.949997,655100,895
2021-09-10,110.82,111.839996,110.260002,110.32,110.32,507200,896
2021-09-13,111.730003,111.730003,110.099998,111.110001,111.110001,516900,897
2021-09-14,111.629997,111.879997,110.839996,111.279999,111.279999,539300,898
2021-09-15,110.940002,111.779999,110.389999,111.690002,111.690002,438600,899
2021-09-16,111.690002,112.360001,111.059998,112.290001,112.290001,407500,900
2021-09-17,111.300003,111.720001,110.309998,110.699997,110.699997,387700,901
2021-09-20,108.900002,109.379997,107.440002,108.559998,108.559998,717700,902
2021-09-21,112.5,112.910004,111.650002,112.410004,112.410004,962400,903
2021-09-22,113.32,115.199997,113.099998,114.610001,114.610001,832400,904
2021-09-23,115.089996,115.910004,115,115.5,115.5,554200,905
2021-09-24,116.870003,117.870003,116.230003,117.610001,117.610001,863700,906
2021-09-27,117.080002,117.529999,115.959999,116.269997,116.269997,631100,907
2021-09-28,115.010002,115.419998,112.989998,113.489998,113.489998,903300,908
2021-09-29,112.790001,113.150002,111.220001,111.480003,111.480003,673000,909
2021-09-30,111.5,112,110.139999,110.580002,110.580002,490200,910
2021-10-01,109.970001,110.290001,108.470001,109.510002,109.510002,610600,911
2021-10-04,108.110001,108.339996,106.300003,106.970001,106.970001,887300,912
2021-10-05,106.870003,107.559998,106.349998,106.709999,106.709999,513100,913
2021-10-06,105,105.849998,104.089996,105.559998,105.559998,709800,914
2021-10-07,106.110001,106.809998,105.5,106.080002,106.080002,516200,915
2021-10-08,107.5,108.5,106.889999,107.489998,107.489998,651900,916
2021-10-11,108.900002,111,108.900002,109.150002,109.150002,767600,917
2021-10-12,109,109.32,108.300003,108.949997,108.949997,555000,918
2021-10-13,109.449997,109.959999,109.25,109.5,109.5,374700,919
2021-10-14,110.639999,111.75,110.639999,111.629997,111.629997,549300,920
2021-10-15,112.5,112.959999,112.129997,112.5,112.5,576400,921
2021-10-18,110.730003,112.18,110.5,112.150002,112.150002,659100,922
2021-10-19,112.190002,112.650002,111.779999,112.489998,112.489998,551800,923
2021-10-20,112.690002,113.400002,112.360001,112.459999,112.459999,369100,924
2021-10-21,111.190002,112.360001,111.029999,112.269997,112.269997,666300,925
2021-10-22,112.309998,113.040001,111.650002,112.970001,112.970001,465600,926
2021-10-25,114.529999,115.980003,114.169998,115.300003,115.300003,719100,927
2021-10-26,117,117.220001,116.029999,116.529999,116.529999,633200,928
2021-10-27,114.879997,115.400002,113.139999,113.230003,113.230003,586900,929
2021-10-28,115.57,118.93,115.470001,118.290001,118.290001,864500,930
2021-10-29,115.879997,116.190002,114.75,115.790001,115.790001,765500,931
2021-11-01,120,121.400002,120,121.239998,121.239998,1130100,932
2021-11-02,122,123.400002,121.370003,123.32,123.32,803100,933
2021-11-03,123,123.260002,122,123.139999,123.139999,452500,934
2021-11-04,122.910004,123.239998,121.989998,122.650002,122.650002,591000,935
2021-11-05,123.989998,124.050003,122.75,123.220001,123.220001,601000,936
2021-11-08,124.629997,124.629997,123.339996,123.349998,123.349998,422700,937
2021-11-09,123.769997,123.769997,121.720001,122.470001,122.470001,524700,938
2021-11-10,121.839996,122.860001,121.220001,121.449997,121.449997,799500,939
2021-11-11,122.080002,122.089996,120.82,121,121,424400,940
2021-11-12,122.269997,123.190002,121.889999,122.900002,122.900002,458700,941
2021-11-15,123.5,123.949997,122.769997,122.949997,122.949997,309200,942
2021-11-16,124.400002,125.43,124.209999,125.080002,125.080002,513400,943
2021-11-17,124.269997,124.599998,123.589996,124.230003,124.230003,315900,944
2021-11-18,125.349998,125.389999,124.010002,125.160004,125.160004,594800,945
2021-11-19,125.339996,125.760002,124.870003,125.239998,125.239998,351800,946
2021-11-22,125.220001,125.220001,122.339996,122.400002,122.400002,467500,947
2021-11-23,121.970001,122.709999,120.230003,121.779999,121.779999,751100,948
2021-11-24,121.43,122.339996,120.360001,122.220001,122.220001,444000,949
2021-11-26,121.300003,121.980003,120.690002,121.269997,121.269997,340300,950
2021-11-29,121.82,122.139999,121,121.440002,121.440002,409300,951
2021-11-30,122.339996,123.010002,120.589996,121.849998,121.849998,646400,952
2021-12-01,123.260002,123.650002,119.269997,119.370003,119.370003,876100,953
2021-12-02,118.919998,121.040001,118,120.160004,120.160004,636700,954
2021-12-03,121.480003,121.769997,118.489998,120.019997,120.019997,653700,955
2021-12-06,120.080002,121.290001,119.559998,121,121,411600,956
2021-12-07,123.300003,125.199997,122.5,124.760002,124.760002,623400,957
2021-12-08,125.260002,126,124.339996,125.940002,125.940002,351300,958
2021-12-09,124.050003,124.629997,122.540001,122.849998,122.849998,572600,959
2021-12-10,122.800003,123.349998,122.220001,123.260002,123.260002,401800,960
2021-12-13,122.519997,122.82,120.540001,120.589996,120.589996,488900,961
2021-12-14,120.599998,121.029999,119.480003,120.610001,120.610001,348500,962
2021-12-15,122.389999,124,121.239998,123.849998,123.849998,819300,963
2021-12-16,123.639999,124.010002,121.580002,122.209999,122.209999,780400,964
2021-12-17,121.400002,122.639999,120.910004,121.129997,121.129997,610700,965
2021-12-20,118.639999,119.5,117.739998,118.949997,118.949997,512600,966
2021-12-21,119.800003,121.190002,119.010002,120.550003,120.550003,836500,967
2021-12-22,121.510002,123.580002,121.510002,123.099998,123.099998,666600,968
2021-12-23,123.75,124.269997,123.110001,123.860001,123.860001,514400,969
2021-12-27,125.080002,127.400002,124.739998,127.209999,127.209999,548200,970
2021-12-28,128,128.300003,127.279999,127.480003,127.480003,415700,971
2021-12-29,127,127.129997,126.300003,126.690002,126.690002,259100,972
2021-12-30,126.25,126.690002,125.760002,125.919998,125.919998,232200,973
2021-12-31,125.800003,126.790001,125.5,126.400002,126.400002,275000,974
2022-01-03,126.400002,127.169998,125.650002,126.269997,126.269997,373700,975
2022-01-04,128.529999,129.309998,127.830002,128.559998,128.559998,708700,976
2022-01-05,133.559998,133.75,128.309998,128.589996,128.589996,2594400,977
2022-01-06,125.400002,126.309998,122.370003,123.110001,123.110001,1836500,978
2022-01-07,125.5,125.739998,123.300003,124.309998,124.309998,574800,979
2022-01-10,123.5,123.699997,121.169998,123.169998,123.169998,1031200,980
2022-01-11,124.260002,126.379997,123.849998,126.32,126.32,799200,981
2022-01-12,126.330002,127.650002,126.260002,127.150002,127.150002,345600,982
2022-01-13,126.82,127,124.5,124.800003,124.800003,550500,983
2022-01-14,124.110001,125,123.290001,124.790001,124.790001,444700,984
2022-01-18,120.919998,121.699997,115.239998,115.839996,115.839996,3043100,985
2022-01-19,112.5,113.629997,110.019997,110.040001,110.040001,3961500,986
2022-01-20,114.68,115.739998,113.5,113.629997,113.629997,1746900,987
2022-01-21,111.910004,112.75,110.400002,111.629997,111.629997,1753600,988
2022-01-24,110.110001,110.730003,106.629997,110.540001,110.540001,1845900,989
2022-01-25,108.510002,111.169998,107.5,109.919998,109.919998,742400,990
2022-01-26,112.160004,112.68,109.209999,110.029999,110.029999,1024600,991
2022-01-27,105.120003,105.790001,102.910004,102.970001,102.970001,1619900,992
2022-01-28,104.599998,106.849998,103.209999,106.839996,106.839996,964900,993
2022-01-31,109.220001,113.300003,109.139999,111.660004,111.660004,1878200,994
2022-02-01,111.809998,112.660004,110.949997,112.559998,112.559998,1019100,995
2022-02-02,117.800003,119,111.610001,112.25,112.25,1571200,996
2022-02-03,109.559998,110.239998,107.879997,108.029999,108.029999,1020000,997
2022-02-04,108.75,109.699997,107.529999,109.120003,109.120003,815200,998
2022-02-07,109.400002,110.800003,108.839996,109.75,109.75,663300,999
2022-02-08,109.019997,109.889999,108.5,109.769997,109.769997,600000,1000
2022-02-09,109.370003,111.93,109.010002,111.459999,111.459999,969400,1001
2022-02-10,109.589996,111.980003,109.360001,109.910004,109.910004,530900,1002
2022-02-11,109.900002,110.589996,107.339996,107.790001,107.790001,760700,1003
2022-02-14,107.029999,107.879997,106.129997,107.110001,107.110001,797500,1004
2022-02-15,107.120003,108.68,107.110001,108.459999,108.459999,633100,1005
2022-02-16,106.010002,106.830002,105.629997,106.519997,106.519997,517600,1006
2022-02-17,105.639999,105.989998,104.650002,104.809998,104.809998,870800,1007
2022-02-18,104.589996,105.230003,103.709999,104.230003,104.230003,611600,1008
2022-02-22,102.099998,104.339996,102.099998,102.68,102.68,990000,1009
2022-02-23,103.470001,103.870003,101.029999,101.309998,101.309998,825300,1010
2022-02-24,97.279999,102.110001,97.269997,101.989998,101.989998,1086800,1011
2022-02-25,102.879997,104.330002,102.160004,104.089996,104.089996,636400,1012
2022-02-28,102.519997,103.099998,101.370003,102.529999,102.529999,709300,1013
2022-03-01,102.199997,102.370003,100.330002,100.860001,100.860001,639800,1014
2022-03-02,100.580002,102.169998,100.580002,101.739998,101.739998,488600,1015
2022-03-03,102.010002,102.010002,99.769997,100.230003,100.230003,539400,1016
2022-03-04,98.739998,99,97.669998,98.470001,98.470001,553200,1017
2022-03-07,97.449997,97.980003,95.779999,95.82,95.82,760200,1018
2022-03-08,95.93,99.18,95.5,97.419998,97.419998,941300,1019
2022-03-09,96.82,99.07,96.82,98.339996,98.339996,873700,1020
2022-03-10,100.07,100.760002,99.190002,100.18,100.18,817000,1021
2022-03-11,100.339996,100.379997,97.25,97.309998,97.309998,512200,1022
2022-03-14,97,97.669998,94.330002,94.790001,94.790001,747600,1023
2022-03-15,97,98.32,96.610001,98.099998,98.099998,826200,1024
2022-03-16,100.870003,103.07,100.360001,102.75,102.75,860900,1025
2022-03-17,102.589996,104.75,102.269997,104.620003,104.620003,462800,1026
2022-03-18,104.43,106.190002,104.43,106.120003,106.120003,465600,1027
2022-03-21,105.75,105.970001,103.879997,104.449997,104.449997,609900,1028
2022-03-22,105.120003,106.339996,105.120003,105.730003,105.730003,573800,1029
2022-03-23,105.080002,105.669998,104.139999,104.150002,104.150002,419800,1030
2022-03-24,106,107.519997,105.940002,107.370003,107.370003,550600,1031
2022-03-25,106.080002,106.800003,104.889999,106.290001,106.290001,779300,1032
2022-03-28,104.330002,105.099998,104.029999,105.029999,105.029999,709900,1033
2022-03-29,106.480003,106.830002,104.75,105.800003,105.800003,581000,1034
2022-03-30,105.529999,106.32,104.860001,105.190002,105.190002,355000,1035
2022-03-31,104.599998,104.599998,102.660004,102.709999,102.709999,491300,1036
2022-04-01,103.029999,103.290001,102.050003,102.919998,102.919998,577500,1037
2022-04-04,103.32,105.050003,103.230003,105.040001,105.040001,746500,1038
2022-04-05,103.349998,103.5,100.720001,101.099998,101.099998,678100,1039
2022-04-06,99.410004,99.82,98.550003,99.370003,99.370003,669000,1040
2022-04-07,98.25,98.800003,97.379997,98.199997,98.199997,937500,1041
2022-04-08,98.169998,99.639999,97.970001,98.269997,98.269997,599100,1042
2022-04-11,94.260002,94.360001,92.730003,92.830002,92.830002,1156100,1043
2022-04-12,92.980003,93,90.5,90.830002,90.830002,1172500,1044
2022-04-13,90.800003,91.970001,90.449997,91.790001,91.790001,818800,1045
2022-04-14,91.919998,91.919998,89.029999,89.139999,89.139999,1330700,1046
2022-04-18,88.379997,89.32,87.93,88.480003,88.480003,841900,1047
2022-04-19,87.980003,89.360001,87.540001,89.32,89.32,1074800,1048
2022-04-20,90.059998,90.25,88.879997,89.07,89.07,784700,1049
2022-04-21,90.779999,91.080002,88.099998,88.150002,88.150002,663000,1050
2022-04-22,87.519997,87.730003,85.550003,85.599998,85.599998,879700,1051
2022-04-25,86.419998,87.650002,85.879997,87.580002,87.580002,1100200,1052
2022-04-26,86.290001,86.5,84.199997,84.239998,84.239998,1081200,1053
2022-04-27,84.25,86.220001,84.010002,85.449997,85.449997,1091000,1054
2022-04-28,86.410004,87.910004,85.639999,87.300003,87.300003,736000,1055
2022-04-29,87.080002,88.5,85.959999,86.050003,86.050003,644100,1056
2022-05-02,85.720001,86.489998,84.379997,86.099998,86.099998,622900,1057
2022-05-03,86.029999,86.730003,85.720001,86.330002,86.330002,541300,1058
2022-05-04,86.260002,88.709999,85.260002,88.519997,88.519997,446600,1059
2022-05-05,87.059998,87.43,84.199997,84.93,84.93,673400,1060
2022-05-06,84.43,84.959999,83.089996,83.660004,83.660004,825300,1061
2022-05-09,82.470001,82.599998,80.529999,80.839996,80.839996,1099800,1062
2022-05-10,82.970001,83.800003,80.720001,82,82,1159500,1063
2022-05-11,81.709999,82.660004,79.940002,80.059998,80.059998,1121000,1064
2022-05-12,83.360001,84.980003,82.440002,83.900002,83.900002,1698500,1065
2022-05-13,85.459999,87.269997,85.459999,87.010002,87.010002,884400,1066
2022-05-16,86.290001,87.160004,85.959999,86.360001,86.360001,546100,1067
2022-05-17,87.470001,87.940002,86.809998,87.690002,87.690002,562300,1068
2022-05-18,88.800003,89.230003,86.940002,87.07,87.07,1066600,1069
2022-05-19,88.099998,89.730003,87.870003,88.709999,88.709999,778500,1070
2022-05-20,89.940002,90.5,88.220001,89.940002,89.940002,806100,1071
2022-05-23,89.489998,90.260002,88.949997,89.769997,89.769997,687200,1072
2022-05-24,88.940002,89.379997,88.050003,89.029999,89.029999,647500,1073
2022-05-25,87.93,88.949997,87.050003,88.290001,88.290001,827900,1074
2022-05-26,88.93,90.900002,88.800003,90.540001,90.540001,564100,1075
2022-05-27,90.760002,92.360001,90.660004,92.260002,92.260002,649400,1076
2022-05-31,93.5,94.860001,93.449997,94.07,94.07,877400,1077
2022-06-01,95.239998,95.699997,93.419998,94.059998,94.059998,814300,1078
2022-06-02,92.540001,93.870003,91.760002,93.839996,93.839996,644300,1079
2022-06-03,93.120003,93.120003,92.389999,92.639999,92.639999,461800,1080
2022-06-06,92.860001,93.290001,91.93,92.300003,92.300003,467900,1081
2022-06-07,91.300003,92.720001,91.120003,92.639999,92.639999,441700,1082
2022-06-08,92.160004,92.940002,91.949997,92.260002,92.260002,498300,1083
2022-06-09,91.57,91.849998,89.529999,89.529999,89.529999,428900,1084
2022-06-10,88.760002,89.199997,87.629997,88.059998,88.059998,527900,1085
2022-06-13,85,85.43,83.550003,83.93,83.93,772600,1086
2022-06-14,83.300003,83.470001,81.900002,83,83,931000,1087
2022-06-15,83.220001,85.050003,82.599998,84.339996,84.339996,633600,1088
2022-06-16,82.360001,82.720001,81.220001,81.660004,81.660004,1178600,1089
2022-06-17,83.129997,84.459999,82.82,84,84,828700,1090
2022-06-21,85.010002,85.470001,84.75,84.849998,84.849998,709200,1091
2022-06-22,83.5,84.660004,83.290001,83.75,83.75,580100,1092
2022-06-23,83.809998,84.190002,82.809998,83.75,83.75,550100,1093
2022-06-24,84.019997,85.690002,83.610001,85.639999,85.639999,909900,1094
2022-06-27,85.43,85.440002,84.260002,84.449997,84.449997,467500,1095
2022-06-28,85.610001,85.940002,83.139999,83.190002,83.190002,668100,1096
2022-06-29,83.629997,83.660004,82.5,83.410004,83.410004,535800,1097
2022-06-30,81.419998,82.080002,79.959999,81.769997,81.769997,681600,1098
2022-07-01,80.519997,81.879997,80.370003,81.68,81.68,559700,1099
2022-07-05,79.639999,81.019997,79.050003,80.949997,80.949997,789600,1100
2022-07-06,81.089996,81.089996,79.959999,80.330002,80.330002,667300,1101
2022-07-07,81.68,83.730003,81.68,83.510002,83.510002,650600,1102
2022-07-08,82.43,82.959999,81.75,82.580002,82.580002,521400,1103
2022-07-11,82.330002,82.739998,81.830002,81.989998,81.989998,485100,1104
2022-07-12,81.769997,82.970001,81.720001,82.050003,82.050003,415700,1105
2022-07-13,81.010002,81.760002,80.230003,81.519997,81.519997,500600,1106
2022-07-14,80.550003,81.309998,79.360001,81.099998,81.099998,501000,1107
2022-07-15,81.510002,82.209999,80.959999,82.150002,82.150002,461500,1108
2022-07-18,82.260002,83.5,82.050003,82.209999,82.209999,623600,1109
2022-07-19,83.699997,85.18,83.699997,85.019997,85.019997,544900,1110
2022-07-20,86.160004,86.599998,85.580002,86.040001,86.040001,461200,1111
2022-07-21,85.93,87.279999,85.709999,87.260002,87.260002,366600,1112
2022-07-22,87.940002,88.25,86.620003,86.959999,86.959999,423400,1113
2022-07-25,86.07,86.07,85.029999,85.489998,85.489998,599700,1114
2022-07-26,85.440002,85.75,85.050003,85.269997,85.269997,319800,1115
2022-07-27,85.269997,87.089996,85.150002,86.660004,86.660004,509400,1116
2022-07-28,86.25,87.75,86,87.559998,87.559998,539200,1117
2022-07-29,83.919998,85.800003,83.919998,85.389999,85.389999,1707200,1118
2022-08-01,85.239998,86.690002,84.519997,86.080002,86.080002,1683500,1119
2022-08-02,85.68,86.650002,85.279999,85.290001,85.290001,1467300,1120
2022-08-03,86.360001,87.440002,86.239998,87.139999,87.139999,1524000,1121
2022-08-04,86.010002,86.620003,85.269997,85.949997,85.949997,1031200,1122
2022-08-05,86.07,87.239998,85.949997,86.32,86.32,816400,1123
2022-08-08,86.989998,87.019997,84.559998,84.830002,84.830002,770900,1124
2022-08-09,84.139999,84.370003,83.010002,83.519997,83.519997,604100,1125
2022-08-10,84.510002,85.589996,84.440002,85.330002,85.330002,611100,1126
2022-08-11,85.989998,86.660004,85.43,85.82,85.82,683500,1127
2022-08-12,86.169998,86.82,85.870003,86.800003,86.800003,386600,1128
2022-08-15,86.769997,87.260002,86.480003,86.919998,86.919998,343000,1129
2022-08-16,86.129997,86.489998,85.269997,86.110001,86.110001,489700,1130
2022-08-17,87.150002,87.879997,86.449997,87.160004,87.160004,642100,1131
2022-08-18,86.540001,87.400002,86.540001,86.879997,86.879997,352900,1132
2022-08-19,87.150002,87.379997,86.309998,86.730003,86.730003,599900,1133
2022-08-22,86.220001,86.230003,85.010002,85.230003,85.230003,695600,1134
2022-08-23,84.220001,85.029999,83.57,84.019997,84.019997,420300,1135
2022-08-24,83.5,84.57,83.5,84.160004,84.160004,425400,1136
2022-08-25,83.839996,85.260002,83.650002,85.260002,85.260002,567400,1137
2022-08-26,84.839996,85.010002,81.599998,81.709999,81.709999,907800,1138
2022-08-29,81.040001,81.949997,80.879997,81.339996,81.339996,563800,1139
2022-08-30,82.099998,82.220001,80.449997,80.739998,80.739998,459300,1140
2022-08-31,80.779999,80.919998,79.330002,79.349998,79.349998,646800,1141
2022-09-01,79.050003,79.18,78.040001,78.879997,78.879997,521200,1142
2022-09-02,78.309998,78.860001,76.919998,77.230003,77.230003,506600,1143
2022-09-06,76.220001,76.339996,75.040001,75.370003,75.370003,642100,1144
2022-09-07,73.449997,74.730003,73.050003,74.5,74.5,843800,1145
2022-09-08,74.57,74.910004,73.589996,74.190002,74.190002,923000,1146
2022-09-09,75.120003,75.68,75.059998,75.379997,75.379997,510600,1147
2022-09-12,75.370003,75.989998,75.160004,75.620003,75.620003,505700,1148
2022-09-13,74.029999,74.029999,71.949997,72.010002,72.010002,588300,1149
2022-09-14,72.129997,72.540001,71.510002,72.040001,72.040001,516200,1150
2022-09-15,72.260002,73.419998,71.629997,71.860001,71.860001,778800,1151
2022-09-16,71.800003,72.580002,71.660004,71.879997,71.879997,645700,1152
2022-09-19,71.32,72.550003,71.220001,72.480003,72.480003,588700,1153
2022-09-20,71.330002,71.800003,70.769997,71.169998,71.169998,630000,1154
2022-09-21,70.879997,71.489998,69.910004,69.910004,69.910004,658500,1155
2022-09-22,70.25,70.650002,69.040001,69.379997,69.379997,769400,1156
2022-09-23,68.519997,68.739998,67.779999,68.43,68.43,734400,1157
2022-09-26,67.389999,68.010002,66.550003,66.699997,66.699997,911500,1158
2022-09-27,66.589996,66.970001,65.43,65.889999,65.889999,1033000,1159
2022-09-28,65.580002,67.290001,65.580002,66.989998,66.989998,1546500,1160
2022-09-29,65.949997,66.050003,64.5,65.07,65.07,856700,1161
2022-09-30,64.339996,65.43,63.93,64.050003,64.050003,923900,1162
2022-10-03,65.459999,66.5,65.300003,66.160004,66.160004,1746300,1163
2022-10-04,67.739998,68.470001,67.419998,68.239998,68.239998,1144500,1164
2022-10-05,67.220001,68.050003,66.720001,67.610001,67.610001,635000,1165
2022-10-06,67.940002,68.389999,67.209999,67.410004,67.410004,859600,1166
2022-10-07,67.480003,67.93,66.190002,66.410004,66.410004,804500,1167
2022-10-10,66.309998,66.410004,65.040001,65.620003,65.620003,743200,1168
2022-10-11,64.970001,65.269997,63.91,64.169998,64.169998,884900,1169
2022-10-12,63.490002,63.82,63.09,63.169998,63.169998,786700,1170
2022-10-13,61.790001,65.690002,61.720001,65.169998,65.169998,948400,1171
2022-10-14,65.889999,66.18,64.150002,64.230003,64.230003,740900,1172
2022-10-17,65.07,66.339996,65.07,66.089996,66.089996,897500,1173
2022-10-18,65.82,65.949997,64.699997,65.269997,65.269997,952400,1174
2022-10-19,64.860001,65.57,64.279999,64.629997,64.629997,725200,1175
2022-10-20,64.709999,65.940002,64.449997,64.730003,64.730003,512400,1176
2022-10-21,63.939999,65.07,63.34,65.040001,65.040001,1009300,1177
2022-10-24,64.910004,65.360001,64.099998,65.139999,65.139999,926700,1178
2022-10-25,66.089996,67.349998,66.029999,67.239998,67.239998,837600,1179
2022-10-26,66.849998,68.18,66.769997,67.32,67.32,718300,1180
2022-10-27,67.239998,67.959999,66.709999,66.860001,66.860001,571000,1181
2022-10-28,66.82,67.870003,66.709999,67.849998,67.849998,731700,1182
2022-10-31,67.18,67.669998,66.669998,67.470001,67.470001,1005900,1183
2022-11-01,70.599998,74.389999,70.57,74.010002,74.010002,3487100,1184
2022-11-02,72.879997,73.57,71.370003,71.370003,71.370003,2000500,1185
2022-11-03,71.010002,72.32,70.510002,72.129997,72.129997,1256200,1186
2022-11-04,73.550003,75.5,73.5,74.589996,74.589996,1397600,1187
2022-11-07,74.599998,75.5,74.410004,75.5,75.5,1856900,1188
2022-11-08,76.699997,78.839996,76.160004,76.809998,76.809998,1596600,1189
2022-11-09,76.25,76.599998,75.269997,75.480003,75.480003,771000,1190
2022-11-10,78.330002,80.559998,78.220001,80.5,80.5,1401900,1191
2022-11-11,82.400002,83.190002,81.589996,83.089996,83.089996,1136400,1192
2022-11-14,82.800003,83.269997,82.32,82.419998,82.419998,620400,1193
2022-11-15,83.849998,84.080002,82.540001,82.68,82.68,913200,1194
2022-11-16,81.650002,81.650002,80.870003,81.139999,81.139999,851400,1195
2022-11-17,79.459999,80.879997,79,80.830002,80.830002,608600,1196
2022-11-18,80.919998,81.089996,80.099998,80.389999,80.389999,371800,1197
2022-11-21,79.129997,79.720001,78.940002,79.089996,79.089996,720900,1198
2022-11-22,80.839996,81.339996,80.5,81.239998,81.239998,625200,1199
2022-11-23,81.510002,82.220001,81.230003,82.199997,82.199997,659600,1200
2022-11-25,82.779999,83.779999,82.779999,82.889999,82.889999,416900,1201
2022-11-28,83.330002,84.169998,82.010002,82.169998,82.169998,1120300,1202
2022-11-29,81.82,82.790001,81.809998,82.230003,82.230003,750500,1203
2022-11-30,81.099998,83.089996,80.300003,83.07,83.07,937800,1204
2022-12-01,82.900002,84.190002,82.870003,83.940002,83.940002,827800,1205
2022-12-02,82.760002,83.089996,81.910004,82.790001,82.790001,706200,1206
2022-12-05,81.82,82.599998,81.360001,81.610001,81.610001,1048600,1207
2022-12-06,80.889999,80.889999,78.93,79.470001,79.470001,718500,1208
2022-12-07,79.139999,79.400002,78.669998,79.040001,79.040001,480800,1209
2022-12-08,78.43,79.389999,77.889999,79.190002,79.190002,1035000,1210
2022-12-09,79.480003,80.940002,79.480003,80.379997,80.379997,1016000,1211
2022-12-12,80.050003,80.190002,79.5,80.18,80.18,894000,1212
2022-12-13,82.300003,83.050003,80.529999,80.989998,80.989998,776900,1213
2022-12-14,82.230003,82.650002,80.599998,81.230003,81.230003,657800,1214
2022-12-15,80.379997,80.650002,78.459999,78.669998,78.669998,625300,1215
2022-12-16,78,78.900002,77.860001,78.370003,78.370003,618600,1216
2022-12-19,78.309998,78.599998,77.370003,77.690002,77.690002,994400,1217
2022-12-20,77.470001,78.290001,77.269997,77.5,77.5,785800,1218
2022-12-21,77.5,77.699997,77.019997,77.419998,77.419998,627600,1219
2022-12-22,77.050003,77.050003,76.199997,76.769997,76.769997,684300,1220
2022-12-23,76.93,77.209999,76.18,76.940002,76.940002,617900,1221
2022-12-27,76.209999,76.290001,75.389999,75.540001,75.540001,704100,1222
2022-12-28,76.010002,76.25,74.809998,74.849998,74.849998,639100,1223
2022-12-29,75.730003,76.830002,75.720001,76.690002,76.690002,574500,1224
2022-12-30,75.57,76.32,75.43,76.279999,76.279999,413500,1225
2023-01-03,77.150002,77.68,76.389999,76.650002,76.650002,660600,1226
2023-01-04,77.989998,78.389999,77.489998,77.800003,77.800003,596400,1227
2023-01-05,77.779999,78.110001,77.309998,77.5,77.5,541000,1228
2023-01-06,79.230003,81.639999,79.099998,81.389999,81.389999,896700,1229
2023-01-09,81.68,83.339996,81.629997,82.620003,82.620003,918000,1230
2023-01-10,81.440002,82.160004,81.110001,82.080002,82.080002,796100,1231
2023-01-11,83.93,84.5,83.790001,84.290001,84.290001,721600,1232
2023-01-12,84.650002,86.150002,84.339996,86.07,86.07,1113100,1233
2023-01-13,84.190002,85.93,84.160004,85.75,85.75,994400,1234
2023-01-17,86.279999,87.720001,86.279999,86.760002,86.760002,891000,1235
2023-01-18,88,88.290001,86.610001,86.68,86.68,710300,1236
2023-01-19,88.279999,88.790001,87.559998,87.970001,87.970001,848600,1237
2023-01-20,88.400002,89.339996,88.139999,89.290001,89.290001,541000,1238
2023-01-23,88.129997,89.190002,88,88.910004,88.910004,609800,1239
2023-01-24,89.010002,89.989998,88,89.309998,89.309998,693100,1240
2023-01-25,88.959999,89.690002,88.730003,89.550003,89.550003,575700,1241
2023-01-26,88.900002,89.169998,88.099998,89.129997,89.129997,603900,1242
2023-01-27,89.480003,91,89.330002,90.610001,90.610001,853800,1243
2023-01-30,89.290001,89.870003,89.029999,89.330002,89.330002,704600,1244
2023-01-31,88.900002,89.720001,88.870003,89.459999,89.459999,794100,1245
2023-02-01,88.889999,90.110001,88.279999,89.550003,89.550003,965400,1246
2023-02-02,92,95.230003,91.82,93.800003,93.800003,1614200,1247
2023-02-03,93.57,94.75,93.019997,93.129997,93.129997,1055300,1248
2023-02-06,90.860001,90.870003,89.519997,90.120003,90.120003,980100,1249
2023-02-07,90.489998,91.760002,90.129997,91.370003,91.370003,924200,1250
2023-02-08,90.760002,91.480003,90.220001,90.419998,90.419998,662600,1251
2023-02-09,91.599998,92.050003,89.989998,90.120003,90.120003,472900,1252
2023-02-10,89.800003,90.709999,89.690002,90.120003,90.120003,509000,1253
2023-02-13,88.739998,89.75,88.470001,89.639999,89.639999,504700,1254
2023-02-14,89.080002,89.68,88.599998,89.339996,89.339996,507300,1255
2023-02-15,87.699997,88.440002,87.449997,88.419998,88.419998,588500,1256
2023-02-16,87.419998,88.379997,87.32,87.540001,87.540001,679900,1257
2023-02-17,85.610001,85.610001,84.389999,85.059998,85.059998,844700,1258